DestinationID,City,DestinationName,Coordinates,User visited,Ticket,Rating,Image Link,Destination Type,Duration,Description,,,,,
1,Mathura,Krishna Janmabhoomi Temple,"27.6333,77.6667",345534,1,0.95,https://lh5.googleusercontent.com/p/AF1QipOLvgfZDRoLG39Usr3ko7zv1dDHP05wVx6KJ8uu=w141-h141-n-k-no-nu,Religious,4,"A revered Hindu temple in Mathura, believed to be the birthplace of Lord Krishna.",,,,,
2,Mathura,Dwarkadheesh Temple,"27.6389,77.6708",524343,1,0.9,"data:image/jpeg;base64,/9j/4AAQSkZJRgABAQAAAQABAAD/4QFcRXhpZgAASUkqAAgAAAACADEBAgAHAAAAJgAAAGmHBAABAAAALgAAAAAAAABHb29nbGUAAAIAAJAHAAQAAAAwMjIwhpIHAAgBAABMAAAAAAAAAAAAAAAAAAAAAAAAAAAAAAAAAAAAAAAAAAAAAAAAAAAAAAAAAAAAAAAAAAAAAAAAAAAAAAAAAAAAAAAAAAAAAAAAAAAAAAAAAAAAAAAAAAAAAAAAAAAAAAAAAAAAAAAAAAAAAAAAAAAAAAAAAAAAAAAAAAAAAAAAAAAAAAAAAAAAAAAAAAAAAAAAAAAAAAAAAAAAAAAAAAAAAAAAAAAAAAAAAAAAAAAAAAAAAAAAAAAAAAAAAAAAAAAAAAAAAAAAAAAAAAAAAAAAAAAAAAAAAAAAAAAAAAAAAAAAAAAAAAAAAAAAAAAAAAAAAAAAAAAAAAAAAAAAAAAAAAAAAAAAAAAAAAAAAAAAAP/bAIQAAwICCgoKCAsICggKCggICAgKCgoKCggKCAgICAgICAgICAoICAgICAgICAgICggICAgKCQoICA0NCggNCAgKCAEDBAQGBQYKBgYKDw4LDg8NDw8PDxAODxANDw8NDQ0PDQ8PDw0NDQ8PDw0PDg0PDw0NDQ0NDQ0NDQ8NDw0NDQ0N/8AAEQgAoADwAwERAAIRAQMRAf/EAB0AAAEFAQEBAQAAAAAAAAAAAAUDBAYHCAIBCQD/xABDEAACAQIEBAQCCAQDBQkAAAABAgMEEQAFEiEGEzFBByJRYRRxCCMyQoGRofAzscHRFSTxQ1JykuEWFyVEYoKTsrP/xAAbAQABBQEBAAAAAAAAAAAAAAAEAAECAwUGB//EADwRAAEDAgUBBgUCBQMEAwEAAAEAAhEDIQQSMUFRYQUTInGBkTKhscHwBtEUI0Lh8VKCkmJystIzotMW/9oADAMBAAIRAxEAPwDbGWMQt/UXGMJ+sLVaLKB5nm0jSrKCp0EgBt1XSO/oW3N+t8azGNDCw78brPLnZs4Ut4V42Vo7yutwzA32IOogAC3S1rHGfXwxa+GjyRVKq0tklSDL81STdDceuAn03MsUS10iy/VpBFhuSbbf19hhAHUqSr3xUp49Cs4BcgqPYeo77EA77dfXGvgc5MNNln4stAk6qmZaKwuB3xv5yTlJWTlAEgJnUoT2xJrWg3TFziLJvKtxiirTAV1N8r9FQ4GhXorT5CxUkDYDfFbzFlICVGp7oemxwiJTAo9k/GojvfuLdN8DuZKvD4QnP+NtYIPS5tub79u22JNpQoOfKh1TmYPU4vhVyhLVfm2w+yZAM4p7kn13xNpTEKPVFMcWZlEhMnjOHzJoSNj6nClPC/NOcMkv1TG4AYg6SSobsWADEX9bG9vS/obPoVPKcuYIZLLicqmE1kOJSmhcc3DpQm7vhpTwki2FKS5Jw0p1w2GlJcYSS+nPDfGrGyEEg9LdR+XYemM+vhQPEFfQxJNklnOwc3A13J9haxO3p1v/AC64VG5AjRKrYEqI0+b9Qu1zffuPQ7fv8ca5o7lZYrbBSrhjiN1BVT9rbT6N3b+lr9vbGbiKDT4iPzhaNGsYyhSF86MKExyqzdHHUqT+lremAhSFV3ibARTqndt8JVd5zm7SsS7XP6fgMdBRotY2wWJVql5uVzDlWpL36H9/huPxxS92VyvYMzEwqMrI977+tsRzZipRlCAVEticaAoB7Qge/wArki1XbEmYYJnYgojS8TMFsLb/AL2xW/BNnVSbjDpCTjpebtYXP6YAr0e70R9KpnXdZwfa9+o79QfkcACTdFdFEcw4fI698WSooLJw/Yn2wsyZISUgHbDJIbXU9+2EEkGqsrxOUkKmyvCzJJpLQ4UpIXKm4HviYTLWXhV4eQVGVyJUKgvrZZDYGNxqVXU77gqotYg3IIPTFhEiFq4dvhFp6cidFlLjfh0080sbCxR2XoR9liLgGx0m11NhqWxxAE7oGvRNJ0bbHkfvzwVGHbEwUNCbuMPKikyuFKeFzy8NKULzThSnXDLhSkkicNKS+h/D+Yhb6gPXV3HoPT9MW4imXaeyFoVAJn3TPiWsJY2O1gBb06frgjCsGXRD4l/iQWOTB5agw5PYpD2xUWhWBxTlJD69cVloU8xXopcPKaN0YymULcMLhhb5e4/f8sCVmF1wUXReG2KkeZZWvLLafLoO4Hf0Ntugv/bGQ17s+XeVqua3Lm2hVDXxbnHX0rNC5SpdyYypi4ayqybQk1e2HcJSa4BWD4TUuub+HzBpOx6AH7zHYW7XJ7jvjA7ThlP4outzs4lzzZWXxFwivK30R2G51fxHIAABYgAHvb9cc3Tqkv3P2W7UpgN4VKZlAQSHG69j169B7Y2e6BEtWX3kGCgGYSA9BbFYpkKecIM+VHuNsWtYSoueGpvU5YD7YI/h7Kjv0KzKiAGB3sylENeHCVH62DFMKUoNPT36YSdDjlp1D54kCktd+E3E9OmXRGobToqNJCuig8qtZUZgzLdCRplCkm11sCRe1twVtUHZGjy36iP8Kv8A6QHDEFY5lp5YmkMUWoL5g0iAox5gYohdAn8Rhsg3PmxU6o2JBv8A3VtSiKjIcIuYOm244HQT8lmyv4QkQsGA8vcMrX9d1JG3zve/S2HDpWE9mSL+34EKly8jE1Ukfh8JJIyJhJJAjCSXDDCSSDR4SS3JFWH88bZYFgZyF081+vyxINhMXTqvAuJqCcRNiBCmCnsbYqIVoKewtisqQKcDEVKU4+Ma2m5t6fpio0mzMXVoqOiJUezGh9sGsNtUG/qEKmoMEtch3NQ2WG2CBdVFOBxPKFVFYqq32Ty3ufvWtqt2v0vig4WmSXESTzdW/wATUADQYA4Rek8TagKys+tWXTZxq7W2/AYz6vZtL4mCD0R9LtCpo42QTN86MhBIFwtttrgdP2MX0sMGiNlVUxBJkaoVFW73OLH4doFlBmIcTddZtng2BIHoL+gwHlyIzNmUUrc/xS6qQr2Ugh02Z3wE506osADRD5nviCdJU+Wk9MKEpR2i4c7t+WHDClmCa5dw/EIWsWY8+YXcmRtpCD5mLMBcXABAvc2BLE0UmuGYHk6/ZFVKsRlOw0shz0R+zckDoPT8O2L8pQxdOqRnp7dThJShNVlynpbCTIJXZfh06Dz0uHTJL4DCSSUlNhJJu8WEktncvHQhc0lFGGSTiNMMVILvlYUp4TiHESpNRSmS+BjZXi6kFBwvK4DJG5UtpBA6k/vr0wFUxVNhyucJRjMM9wkCy5zTh2SJtLqQfzB6fZPQ9exw9LEMqtzNKhUoupughNsxyojZ1ZT6EWP69tuuLadUOu0gqupTIs4QoxW0djjRY6UC8QhVXT4vaVS4ILVQ4JBCoIJTGR7YiXtG6k1jjsmFXmgA3OKDXYArxQeSovVcUNfbpjPfiXOK0mYZoCGZjmpY3wK50opggJGGJm9cUOkq4QEWp8kYi+IimTdI1AE8pck9cWNokqt1YBG6Cn3VQLliANr7k2FvXF4GTUKgnPoUypM4Lxq7JImu7AOjxtpJut1dEYEAgEFRuDgahjG12lzRuR7FEV8I6g/ITsChtZUMy7XHmfrb/fPQDt7nc4eJnzKeYSBNuguTiwDYKou3TZqMt1vvhjSPCkKgTiLh9NJubNfb/ris0nBTFUFAcyyP0xCCFYCEJbIbdcQlSQysittiSSDVGEkmrJhJLb1BlbOG0i+kXI729h1Nu9saj67WEAnVYzKDntJAXsOSOxsqsTa9gN7fLFhrsaJJCrFB7jACJRcIz2B5Uljf7pPTFBxlA2zhXjCVhfKUqvDU1r8mW17X0N/a/wCOF/FUpjOJ8wl/DVCJyn2Xo4fkB3Rx8wRhHEM2cEv4d4/pKnnCPCCMq6wdROrqRZOlvS56/wBe2OexePLXkNNlt4bBtLRmF1Y2VUoijCp0F9/Xf+dtsc9WrGq7MVrsphrQOF20QcDWoIVgyg72I7/PEG1C2cp1UiwGJCDcRU8M+lWNmU2DDsCbkehvbuNv5l4bE1KBJbpwha2HZW1UWzLwwBtofY9bi5HvYWxtUu1z/U1ZtTs0HQqN5h4aEMANRB72/dsFDtfw3AlUHswZt4TfPPCwhTpBF7H9P54DPajn6lFtwDW6BVXxFwDJHdrHqfXE6WLkpPw8BQmsyx2vt+mDO/Q/dIJVcPNfEhVlNkhPMs4UJPmwTTpuebIepUawXUkpMiVe2NGnhhus6rijsiKU4we1gaIWe6o52q8+GGHyhNnPKififxZHSRJqZ0kq2aCJ1iWZRvGJ9amaEjVDI0SMrXRn1XGgB+W7exQoUjTa2XOa47aDXXzi113v6T7Fq9pV2vkCmKlNhcZgOqZsswCQLEkwRpyE5yzM6aoLwpI4khZVkVUMAMkoLp/DYpJrjXUJAz6d0aW6aMeffp3tCK7W4izaoJadLh4bDvETN4g6C+kLtf1P2DiKNKo+kAe6dldzGQOJALRaCL2k2FwY6hydUXSL7M533Pmdj1NyfmSTj2RmGaAYXij8S+b9Fz8GMWtoNCrdiHFfjHi3IAqe8JTXMKoA74Aqua10FaFJrnNkIJmuci21v64zqrgbBaFJpFyolW5ocBwjZQapqL4RTpg6YikndHRYSdbH4TzwRMCCb3vfE8Tgn1LlD0MYxlgra4f4pp5QA7IjX7gWPuG6jGHXwtencAkLWpYii/cSpDXxhF1IVK72Poetupvcfl+OAGjMYdMot5yiQheU+ICy7SGx6WsbG3e4v2/e+DKnZ7mCWhDMxjH2JupJTUcJKEG5vcD12O/88Ak1GgosBjoR1YUXrpH4/wB8CQ5xspl0JdI1xDKUi4pGtCja437bfyxJtJx2URU5XsWVL1sMQIKkX8J5FRD2xGCqi8ppmcwXoB+mCqdEu1Ue8yoZPnqbqR+/57YkcMRdOKolV5xhUBrry9rHcg7j1wRTpxeVF9SbQqg4hyuw8gFye3fB1MiboZ+llAOJMtmUX0sB62t+uNGm9kwEK5role+HVQrTKtRr0Nttbqeg3/pgmpWcxssQ7aTXO8amfFtDToxEM1yLeQ3DAkdyQA3vbYYtoYyo4DOPVVVcLTBOUqOrL2uD/bG6yqDoVi1KRGoT6iy53PlUkXtfoAbXIJ6CwFzvsMWmq1vxEKkUXH4QVXfitwvzauWzqUy6mjgLnTy5ZqmQTSctmYtZFMMZZYw2s21ABhjyX9QdoCtXyR06iBJsPPnYyN17b+k6LsHTZD/icHGNCJga+U6aFSrw/wAmCvFoQF+Q6qGAAZ0mEsa6vLp1BJBqAd9I1KG0sBxPeuY8EQYcI2ggWMiTxeNbLqMVWdWY8PcYdM31nW2npMXRDPowfOF0XlmjK9bFGB2IJB+3a/cAeth7f+m+1T2jhjUcACHEWMg+Rt18xdeCdv8AZwwOIFMGQWgqP1ElsdS90XXOsbKC5hmR+7e+M2tWJ0WpSohuqjuYVTEbk3xmucTqtFrQNEDnhbuD/LFIHCuJhM6qhYdRhy0jVIPBTP4U4gQpZlyacjChOClYpjhiE4K03IukkXGxI272NtvbHSN8QBXMnwmE4grjiJYkHwUdo+IntYsbelzb8umBHYdhMxdEjEPiJsn9PU9xitzOVNr9wjlFxBIvRj+eA34ZjtQim4l43RP/ALQu1gzE26ex9ff8cVDDMboFYcQ52pRGHiGTpqb88VHDU5mFP+IfyiVLmLFlJP4+n4dNsVuptAgBTFQkiSrAin8tyxHQA3G+36XPr/piZPFYf2WtmtJKFVmct0va222/64NZh2awhH13aJr8Tq64vyRoqs8p3SZd7XIPp8r79wNunrjNr87I6lwjU9BHYawD8x0xkmdkfMKuuNJoI2uIUII6iwtc9enX9MX0qbnf1KD6jRsq7zyRZgU0i3T5j1wW1uQyqS4OsodN4SSWLRC4G5I+6PfBjcSBYqh1Am4UZzPhCS413JsO99vn2tg1taNEO6nyj2V+FjlNd3BBBBA2029yCTfsL4pOKIMKYoSJVkrmJjpkFUI3WJTZtJ+rUec6lUKLADf7WoDfobiCuWvLmkjnqiu6zNDSAeFkHhjxAjnrIfR6o19R5I9UksCvUJTOWZFWMGPYBipYi7qjM0XBVmPcHVnTJmNSRJufSfOBpa/o7MoApMiLDpa3ziT+BXJwzm6w1FMAbos0iLqFiIpabVCA3mivcxNpVjsNWptJYYoOrz5n0nYxvz6RoTKrMzSANdPe+l9B+CV54lZ1BGzhNVlnnBBQxlnaQ6nsxN9Vh5xsbbdMevfo91OjhHsFyHnjQ6aEryL9TU6lXEsc7QsHy/PyVWk/G9zsq2vuDuSPS/3fmMdlUrF2i5mnQa1SmDNsvSM6hPPJIgNxaBIJOukG7tP3BdljAtsrXuMh1WuT4YaJ8yfpC1GU6QEul3yj91XdTmA1EgXF7i/p6G1sTk6pQNF7SZiCxuBa3c3sBY7X2vt3w7NZUX2EIrm2YQFRy1YC3RmDsdzvcIgHpZR0t1NySgfD4yCelo+v50QseLwAgdd/oovKguSOnXAjhwjGnlflorgkdrfu+EKciUjUAMIfPBt74qLVaCtMV2XMpsykXFx6EeoPQjG7TqteLFYFSk5h8QTV48XBUFexT2w5EpgUTo67FLmqYcjtFX364GczhENejVNJgYhEBHcupGb7Cs1utgT/ACvgSpUY34iB5oplNzrtBKKNCyW1qykgkXFv3v1xSHNqfCQVNzXM+IEJ2c8NgL7Df8cMKImU5qmIXsOa364lkUQ5FaKbfFLhZWNN1NMmpGu4JBHsQRfuPX9/lg4lzSBAutelLZlO6zLNQtjPBhFF40Kr3ivgUsGKnpvv3Ht8sEsqxqomnOip7NsleO597A/0waHAociEhlHGzqdDFgjkBrbEjuNRDAX9wR7HFndtHiTZybK0KCgo1iUvEp5y69TEyaSNr32Zb9woHtcgYCfiKrnWdp6IptGmG3Cjg8Q6enjmdFBs1kiZyQtxYMmoMw3ux3JG/ti1zH1iM3uotcymDHsqQ8VfG+V6WrB2V0aNUBGkc20ZXz9bpqsDqv3B3xHG0G0qDjuRHvb9z6Ins97quIaNgZ9hP1hZ38NaUNUIyDTIOaxBtpEcUJeezC99cASMXvZyygbkDjsVULG9LfM2+c+dui77DtafFv8An9vK/WNIQU+h6B/LqaekSUi4Jdao0yktuAugQi9iEYm7NrYDncxa9zdtvefv1MDyKLIBY48A+vh099gR8kB8YaPUWdQoOtgyr0UhmB9dyxPW3bqLE95+ksTdzDuAfa3l7QPPVcB+o6EZHDa3uJ/PwKoJlIx6TnC4jKVw9UQBviMyVICE3ec9b4cGLJ4XK1HviMp45SkdaRhApiEqa8sQPkABt7f64nqo2ASkNcVVh3O3yscSzgCFEskgphLV4Hc7hENatVOxYgbnewG5Nz2AxqNDWiViuJeY9l7VUBUlXUqw6gggjvuD7G+JMqtcJaZCg+k5tnCF3k3DvNljjDKnMbTqY2Veu529rD1NunXDV8T3VNz4mNgp0KHe1AyYndWdn3DFLly6zqlaSJkAJBG4szghbC4Nh16+5xxh7Sr4qGmAAZ/suqGBo4cEiTIi6rLLK+E6frGOptwALoBfY3IuenTa35DaqY9+zPcrMZgGbuPoppxTxTG9mhALKqhiABqcgA6tzcAKLWO1z17ZuFqvZLXenRHYmk15zD16oGvGVVCRa8d7Ei1r+n6d++FWa2sJKeiXUrBFKDxJlkBScFhq1BgN1IBsB0uDfpcYHo0xQdmb5Qraru+blciVBnGrqCp7j+xxrtrArLfQIuEagHT36fv1w5rNUBSdwpJllPfAxeFcGFSTL6t476T163HX9MCVKbKlyr2Ocyyef4/IL9DsbfPFX8LTKs75y5os95mpXUBgPdg3r2su/bAGJwvdw5pkIzD189iFCsw8OjLcdB1HWw9vngc1cqIDMyEZ94LqiIyXJuLj3OItxRJup903bVJUEJ5EsMqNex0dtPpseoPX+18MbuBBVg+GCqB414fdLn7pPyPr09PfpjdpOvCy3jdZ88a88PLWAA2dllLXtYajCunYnVd38wvttpIYkBdpvnKwdT8rD89ls9ksIzVPIe5v+f4TXwwrpFkaRNFlhaMLpjclHmjVyh5btqdBo6EHUPIxETJx2IDcpafe+se2p/uLrt6Uu8R20+d/ZaFzGQEIy61MOZRQMTq+01XQFSqqCVutOp203DXI645kDM4cxO3BvxsL67R4ROk2Q1wMaT6Q63/20vprezXiuMtAUXUWNS4k+y4BSgjqbFrhhcFyNKEMdN7EscavY+IOHxQdIA367ffm+2iw+18OK9B3lI/5R8rDlUlVMbkehIx7TK8n1TOX3w4KUJLXiUpoXhsMNKeF1KB64QKSbPV26YclNllNJa44rJVoSJnOISnW7M2yM06h2+2eiBrMvu1uxHSx+eBMVjW1QaTNNzz5JYbBmkRUdrxwlU8Qk5XLmjVo2s1r6XVh3D269uh2PTGPSD6b89M3C1qmSo3I8WRXhnj+jD+eFVHRCFF1BFrSWtrAPmu1zfe5OFVqYgj4yfzZKnTog2aBsmXHlcJonRGUCNRouQq6PS5Nt7k7kXP4DBbWQBU515lDOfJLDtpws/ZjGUawa9u6m4+YP9caLHyEM5sJ9kufMPvW39fT1GIvAOycFWtk3HLGJVbQGW6qx8wN9wrf+kbkDYC523OMt1OHWmNYRodI6ohlELjXzAtw3VdhY77D9Nv6Y0cPVa4x7LPxFNzRI9UbppfXBbmCdEGHGNUUjohsQTgZ1IFXNrEKXZPmtrX7Yo7gAWVvfkm6mNG2pbkCx7+uBScpyhEAZhJXslOP32/0xaHFVwEpQyIjNfcMLX+X6YHr03VWjkK2m4McYRmkkQi62tjIdSLTDkZmzCQm9XGWHlPQiw6dDYnft1O3W2KyA0wVc10JLMMqSQAMBfoNrb4oEi4Uw4jyWWvGnK1jnKIdW9rW6N6e/W2NrCuJElUVgJssE+MufiStmMe4p3SFb7KeRHJzARuCDUhtzbUChtgOu/vKjvb2Mfcrdw1LuqTf+R40mPkFZ30dcj1wVDPcMqioXy7GCnZYypkJ++zhwqjT9Wv2ccvjiO9a2baEXuScw8ojeZ03XUYQkU85GtvKxH5cQrk4ofXTyFQQedk8uo9N8yRXYt5SQIBbdEItsqnUE5SkTmLX8HrEteB8+pk+QnapgMIjhw3/ANIP10A9TBQ/h7Lk1zBme5qWqDu1iDk0Ebq3XSqHl6VXStgb6dGDJMg2+Dy1c4j97gnawuB8UCWlouPhG8QRe86k8i530VQcREcxipBD+YEG482+x9jcdB06Dpj3DC1e/oteNwPdeL4mkaFV1M7EoYdxi+SDCoABTYriYco5VyYbnCLoSyykquK3fDh0pFqGyNhSnTdmxFShfgcNCdfVTOvDUPdr6jbqf3+vbHFCsQdFvlgKgWb+Bzvcxjt++u2L/wCKy2VRoyoDmvAMsJ8ykHBDa4cqjThQviailO29ttvlg2lVaEO9pKi0uSSdwcEisFTkK6TIH7A4XfhLuyiFJkcwFwH9cRNds3Uu7KsrgniqZVMcjEoQPtC9t99PobbX3sD0OBKgbOZuqIZmjKVL6rimAMfLo36g3Vh6jbqbdbAe2LBWqhsAqk0aZdJCWyHxDTWFkQMgLWH2Tv0JYHe2xtt098Rc+pcg3/NkgxlgW2UtzTi2N7EKAVFhbctboS3fbbff3OKqVR1OeqepTa+LKQ8BcQAkK9+u3zO3ywFiKrtQUVTpiIU+rsuvuvpieHxQAyvKGqU5uElQQix2uw7HuO47j8fb8cX1nGRe3Kam0R1SkdTGCq6bMdOxH6kdLi1/yxS5lQgum17/ALKwObMfJIVauGkKN1UBQLXBAO/muOux7C/Q94DIWtzDe6sh11Gc1WWOncl35yXIc3tv6BQ1wRcAkdd+mE+pTNSwGXhWU2PyXN1kPx+4uZYaqaXUzmIwppvdpZgII2YghtMWvnvpIbRE4BBsQQ5zWUyW2VlCmalZrXX56gXPrssV5fQKdET3DTOqhVKjU7OtNCgNgqljMSNTaAStxbGLOrhsJ9vFPyXTER4Senn/AE/da88FuCJII1jqI2jkekqI3QnSBE5haO4YAB2AmBVdg3NVinLTHE9o1z3pcy8Obf3nna51EdF0dADuRO3503jg6JtmtVE8EqTB0jEGUsz6SVvDVTTRWYli8VxEjI2okGTSY7oS7KUFrmC8Pt6RG19ZPQepTqjmE8A258QDTO3lHkZUigijaZzG7FoqxC4KNeUGnRCVWwVgiojNY3ESMbksCB3tyAeTfTxcg/3B50UA8mcwsZ/NLTfi/rNTcU8FmOFAgN4efq8ujyrUOgCJ1KppbzWFxb7Xmt6R+ncfINF+uovfQSPzquB/UWEip3zdLaaaSCoJST7gY7N5tK49mqeSrigFXEJs81umLAoWQqeoOLVWm0k+GTwkTJiMqYXgfDSnhfZKCojQfa69r3xxfc1HnRbJqNAiUkaoMTy3tf1/p6Yu7ogeMKAqTZpTapyOJ78wDr87nAxpunwq/OIuh8/AdG2xQH3wu6qgSod408LmTwooyN4x+eKx3s6qWYcBB/8Augp16WA3sdr4mTUKkMgR/LOEadAFEat72ve3z2/DFZpv1cYU87dGoNxb4dwyC6R8tvYWFvUgW6/3wTSDhvKqcRuFWlT4Tu5I+76+/pbfBBrFirFMOURzPgKVHIRWa3cbjbF7a4IuqnUjsrB4N4WLMgYi/Qg7W+Xrgao90EwrGsExKuvJuEokta19vcjAEOdclTNSLAKRaB0xaIaAhrm6SaEBWIG+53798EsJfE+SibKp+FuOIq0VEkDahDWVFM1rjTJTvoIsd+2oHowIIJBGNrDvaWwNLj2sh8XQfScM2pDXe4kf36qU5G51G5JtawuLnuevW3WwIOKsWPBZLD3N0y4i4kcJJygY5rSqoca1aTlkxsRdQVDAXXVHfzC42OMAUxN1sA2XzZ8Y/GGSpgghk31kSTzlQhkZbCIiMGyKolkZ1ZUDMselSEsYd9mp5AZ5JETx7b2F9FtUqApVe8Ig7CZjmT9OhIVN1+VxRMjFwxQqx3FmY65SNtdiWSEEo2xV7AXFlmc5sAWuPt9yphrWuF/z7XAW4eAOIlkoqIur7wxI2lgBKy08+lj9l9bC4IZmDaQS17389rOIquAjU7aCCNrm5HFpvz1opOt7+5aY1j/PqoxxBlMYp6qT69XXJqWQiRNYZ1eojppZGsWW0oaRhqW/bVg6k4y1rDaX33jw/wC3SbxAPWAphrqtXKQDcWBjSXlo32AF58keeiRZnZXRVFTlzlmAALVLyU7qt1XSUpVGgsZA7zE2j5SlhwSWidp8rX51kmwFrFVOJLRNze24gCD1k9BpE3tDa3ikmanilliMMtVPBNa8LsBDT1KhCJAx+uLK2pzcJoYFZTYvCsFF5qNBDhoQefyN1Vim980sMRwb6eH9jYdVSM2WtE5Dm7amuQQQTqIutttJsLD0tj1js+u6thm1H6nVeWY+i2liHMZoDbyTuoUnBQcAUIQgk7G5wSCqiE2KYlmUYSLx4Up0kUwxThdwQ3xFTC+r1dmd7bAdTttuf6YzKdPLume+UjDV4sLVXmS65ifXDZBwnzlLR12EWBOHlO1zc4h3QUu8KQqMyviTaQCiaqe5RnenY7j9Qf364Er4YPuNUVRxGUQ7RKycZog81+u3b9cCuwTibEIkYpsXCAZvxvfZVHX8xi8dnGNVD+OEoNJxgxuF0gkANb36+u5+QxZT7PDTe6rfjZFrIWlUR39733/PGoymAIiyzX1Sbg3VocNI0MCsys0jtuD9qxOwsdx5dyPx+XNY6qH1S1p8IWzhaRyjNqVMEnFiTbYAkdwLX3GA2eO26m4R5KjfpL/SWhyiGF5FdzUzfC04UAJzzGzqZmLDRGApuVDMdgBvca0fw9IvyyQDa357T5Ijs7Au7RxTMMx7W5iGy6Yk6AkAxPWB1WVfolfSipoauSiqAp/xKsaQPDA8ISsllMcnN1yuBDJIY44tIvG2xaTWNAuFrVACS2A4zNrZoiQPQc6TytjtTs1vemgx+Z1POIkkEUwScpIExlcToHQYHO4MizBTmEsSnypQw1AQ2uGlnniJJtqIIjA6264LxD35Mrtei5mkxvxBdeJVdCtNVySlEJpqmJLlVLuYJG0KzEeYqp226E9sAEd2W+YRtOX2Xxzky5phGylyigg3e5eRCbCx3GzKWYk+Veputs6j4WQ7gell01UguBaLf3KfwcMBJA8fKZ0mhQa1kWLmLLLGbsjIxuwU6lfVcWuACrTfVBYWnSDpE6A22/OVFlJwcHA3GkzsSPrf+1lpz6NHEktTQQS1YgVZXkhARZVaGRaipp45FkeVyRohIH1ZkJaTcKxC8v2jhqVCoadKdWySRBBy2sNp+2uuzhMRXrUxUqQDe0HaeTMEQfn0UwqaWkki+teQrPQZuzOTp1UNJULL5WTWqGEVIEStosNxy2TbPYwmMoBhzf8AkZkbWlsbiZ3ErQBq954dSWiByRA8/Qyd5CLZpwevLSQSINVDRzG7BgauBgsG5ZlZmcaGVkIDcrqBpFAc4eIi0HTWBe/Gv9hvUyrJLIvmI9DqfbT1VSeIPD0cNTTVQkZ44a2rCJCOaebPSwMjXBX6sxwzOoZdgY9LgMQ+vTNQMNJoEnLJNrAu6c+w15Ecwcc7hoDoOSBrO0+p8lWPFmarJM7orKtyArAqQFJsCCSdunX9b49K7JBZhWsO06ac/deZ9pHNiHO5uhXxuNTKs6U0qH3xYFEpsz4lKgkmbD5koSd8OnTzLZQDdtgNybXtvbtc98VVagY0uOnv9FYxhcco/b5lfTVqo4iGoEuXIq8TyqMpSOowoSBT2OoxWQpSlUqQcNCeZXDyjEworhKjfr/r2viLgnaU1zuvDAdbAWI26juPn774qpyCcwV74MZSgjP6YOAQJJlMkjsS3c2v+GJBomUxcYhc1VZYXva3friRHCZpvcIZnvitUoEZZQEgBbmSEKosAAqrbVIbD7IV2YmwBxz9fD0Wy58Afl10FCpUfDWiSq/y36QVaDUGh1HmqztUVCfVMNIJdYpCjgJrIvU8gKQLo69ecxfaWGpjwaiwJkCfkf38l0eH7LrOP8zQ7DX7j2lO8w4B+Iu2Z1E9TVqzIZGdFCakvqgiQR0wjkKyMTDEgvE6kx8qseLkq/alSp4nOtsJ0HkJ6DS4EyZAPQUcMykf5bbb21vyb26mb+SzR4heHPLlNh9knQ41IbxCM6mAOtOW0gN5FDAi5C6GQm4PGyNfzp7be9wUZWw4IkDbz1+Wn32sV/CD6Q9dlM4kjlFVGIfhDTVBOn4dZZZVjimVWkgeKZ5QjMJQutwY5AIlh6UYp0AbCPzr9NNlz9TBU3g89Ofz1kazMyjxy+lDUZuAsirTU8CIwp45OeJJ2Y65XnMcJcKlkjQRxBNUhbUSgjExVQPLABaZv0Bjfb5m+yIweGbRbUOp0npx676/WaEhzVQBEzMqwvK7Hc2typBoZSWLKbmzWta172GCw2ATGsD3lA6kCdJPtCMvnCRuvxSzRxxyJJriOtuakk019A1OSrMxBIIbSCCvLs4hY5zYZBOkGw0aLn2/CtEPa05nyBrzu46C/PRaP8AOIY3y+mamJaL4yOzsrgMpzDS/LMkkzjXI00Y1BdGklSAI8ct2hSfTxHjgGw1BPwyBYAXstjCVadSnNMkiHXuNjPtE8HhIZTQLMsKkSRGaqz/KdLhZET4tCJP9o51IlI4FmFuXIBYDSWDalJ2Q3ylk25BjbrrGp1R/fNEvZwx465SDJi2p0neIlfq7iZZcsWRadgpoK2qdQiQ8r/D6uglXmFA20kcpJDQh9KkhemHp0SKuSxcJbyZIuRcTlIjUXIunGQPMutmpgG5BBDxPvHQjXr3xq0fOqI4w7NHLl9Q0gXUgWooZowhZmjJaMRxsbk7SDYXBxT4gGVDvMX4JvvrPlruISokOYWaWNuTI/Y/JVJxVTLzHCEsFLC5UqftHexJ2PY9xvtcY9O7Jq5sOOb/VeW9q0izEO9FH3pMbWZY8JGeHDhyaEyYYlmShe4WZKEk64sBTJKcfVy/8A/8AumKap8KspiXL6fBMWZlmrwx4lKaF+C4UpgEpoPviOYKWUpOSoI/e354kIKi4wmsGcI99DAlGKPa/lYHdfQkCxJF7E2O4tgHD1DUrVbnwkNA20knm5JF/9Nt5KrUnUqdMuEBwLgeRMfnmnQkv3xoIRJtT/PDSlCeUGRB+rhN7X6sfkCRYdNz7+mBa2JNPRsoujhhU3hR/iDO0EsqqF+qKxtYgKjctX8xvaxDA3v6+mIYXEhzYdqDedpv9FbicKQQWix0jpb6qj/EH6Q0cPMiiUPLYDUVbQhLabBPI8rW2+1GoJB84BGBK/aktmhf/AKtvrf5DqtLC9keId8Y/6Rr/AG+vyVb0meg1UHxhaSYVEMXL0q3KikKTSxuzaTAih9MohugKONTMVJ4DF134iXvdsbzYXLfCNPLci69Aw2FbQZ3dNselyYm51Wg+E8oWKUcuyGmWqkiVdUnMQmSCdKiygvIWAqgsZhtFPCnLVAXm4zEYp7ahBbvG0CHZQdCIgdZI4sNHuZpiTM5ZnWSA61xGsXtIN7LvN+OY4UuRpiFPG0UkohKctYJERHcg3AjgpJQp+scEAhkZ4zJjs7w1oBmBoDa0Q3LeI6DURAbEv4N2UucYILswuIMiTM2kkj02ddM/GJKRqZqp4LAJJIj6U5iMHaRIJtH1bORLKpLMRqRmN9Avb3zs4Y0bkbW4kAQbRJsdoulg6Tpgu0i178kXnr6hYH404upwhIWYEKAzRmPSWEYTyK5BW217sSAznqVA77A0qj3QYvsZ56ft91j9o1KdJpN9riNYHJ/B1RWKdFpGOuQiSpW43ATlsQgsFPZ33udrXBu16nkvrhoizfr+BXU2hlAuM3cB5RtuopHROmvsvKJUMttQZ0DGzbN90FulyelxjTdUBDeZ+gJWSykQ53EGPcf4Ui4frHmkJIY6ImOuNS7KiU1SJp2S7K2mM6tYVVJ6gagQJUIaIHO9twfMaIymM5M8R8nDy1+vqtC+A1ClNllPTeYiGrWNmZTqUnMWc3BSwCrISxUEquhjp1AHn+03vrVzUnXLp5NAOpjTp6rSwFJtGmKbZtn1ts4303t10TXIc4nSmVpHULFn+YTFZHK6HRM2IPaQl1eQMJNQZwSFjK7313tdVcBNwz38P348purMO1+RpdEmnH+2xAPkALHiYsieQcSlslnCkyNBlsksytqF1mgqVKOCdREzruLt5Ub7LCM4Byk4oudbM4xHzv8A5vGxCIAHgaz4vBHQ5m5THT09pTvJKpJair+MiUwrHlrzeUFXK3kjflsC6CMSIR5n+z2uFwDjG1m4bLgye8gx5B5Jvv8ACRYCZhTYPEc0DxEepaPqDF9B7qtY8hVWm2AvKdlFgOl/w1ar+5OPTuzauaiCvN+1KYbiHAaLypypfXGpmKxy0IDW0A7YuDpUCEKlpcTlQhImmPph5ShJvATicpk1rKY6JLf7oH5suKqrvCVZT+IL6gVtGY2KvsR732PQ39CN/X2GHpVRUaHN0QDqZYcrtV7pNh6Hp72/698SDpTELnViUqMJWKqthiE8qJeJfHsdHCZGBdiQscSadbsSASoZlBCX1EXG23cYqq1xSaSTf8+iIoYd1Z0DTfp/lRbwoqUbmJEkzO7rKzJEgjYyB2aYaZZZWDsoBdrjU43Xzk8hgO0DRxDi+TnInYMvE3A9RpvsZ6/tLCGvQYLDICG6yRExx1BN9twFPWpyDvcH06Y7wOBuFwJaRZLw1BHfDuAKdpIWd/HDxbEdXFyndHplaN2Ui93N2QKwZb6R9orbe4I0g45/Glzqn8qxaDDvP7eY10XUdnMYKX824cR4eg+/21UBPiEkQk0yHUzhpG1m3MXWdJBG5QFSXJ1Fi9rAi/K1Gd5Oe4O3PU+sxwCuvYA2IGkx06fRVfmXiIqSGWBispUqr6CxXqq2ujC5A133Pmt3IN9YGowUnDw67D7/AC0VdENY41R8RtoT+coHXeLVVSwySiKKbVMCzSNPuzRp95ZYxqNyWBv9o6dN8VU8HRxFQUiYsdAOTZE1cdUw1M1SJuNyNQOh/CtJfR3zKsrUyydVjjjakqp2sauQh5Z6mJUuJyoutOqxPpbSkbDT5QBgY/CU2PfS1iBPhjcCQBPOnl56NDE95QFR0S7KY6WJgnzvPKbePvG7mvggbWkdLDFUHQHVWklGlTrRJJH8iRKY9lAU3L3IGYMIKVM1JBc6RsDE3N3W3vM7gBbOBHeSINnSTc+mmkmbcmRZW34WV8NTDMalXeJ5YKmS6ylX+Kpljl1q8NhHIHaRtA0mQkkAnSKu5c0ioPiaOG63I0JP1FtzdB4xhpuy09HBwGugM204gTeOAsO5P4Vh6uejRuY8U1TToSGtaFmj5z6Q7eYKCLFgDIm5JVsda7FuY1tRwjQnY+Uedo3IQ9bD06hJGmw1AzAHXeAd9tQhmdUbrTzhlRf8yjhhGjAodJBKsOpVxe4BX207Sp1A6uyHSMp3OvoeVRWoubh6gLb5xsDb1CMZZXMIaZJVZw7My2A8+olVRVjCvYKlmYk30XKtc3JcfES3YD7IIMIY2TqSPTj5a7qOcRZzUQif4eSNJBFVSlQsLvHDGItF0dH5YYam1Aar6CCCAAbRpsqBoqCQS0bgEmeD7eqCr1qlIvNNwBAcdiYERY7E9OFb/wBH3jhTldO9dUFWrM5VbctSp5M8M8jRpDHzjKEgJTllSZCGOsIwxi9qYctxLmUW2a0bmRIcJMyIkjngXIRvZ2Kc6gK1V1yXDYA6gCw3EzOomeVZubUkKvnTFoTElVBW9VAkp1iWaok0mJpSzipri5MZZhIysW0uTmQ91RrN41MnxGdYk6AAaxa11rh47tpkybcWBiNhx7a8RXwFzS1DVmqkCrVLNCmtgic4QRCEgEIjKpaXVy76VRz2xZimF9Xu2Db538+nCTWuLRUaJgzN/hm+npfTRSzNK2BzWNlf+eAopYgIC1ReWOaKamiMsQkjBZfqjeFLDZ9/sD524dzW4khmbNrsNAYsYJM68qJa/Lm/6h6m4dNzpHpNp2qSi41Vi8dTDNQ1AdiIalTE7K1ipAZEIuL6QQAbbFrE47nsp7B4Q8PYdHC4nQi08Llu2ez6zwMQ1vIIFz56D5IgIGPYm/S2+Oq7sarhy+DB1X6oy5h1X+RxEU5unzpsaG/a34YiaZT5wh1dlJPTCAhImU1SjsDcYi7lOE1rEtHN/wAI/wD0T+2K6olpVtKzl9IeP83USbA8y12OkqrML9ja99jqudu5wNgA807m2yqxpY18gX+SApxhIUYsAFjR7WXYsVayCykC5v23J37YvqUQwjLck/hVdKqXg5vT9lCj4yXBtFYjYklmPUXsBpAA2+632uvS1gD+8uREWH19re6aG5LC86/nN1Lsj8UFaDTojMhkFyUJ8hOw1favcW8rKQCLbgnAtTvO8zZjCKYGd3GUSqk8X66OpzKjg1fworyBTqWIynzKdnPMVPPo8zMQoNtJK832ljHgazH7/wCPRdR2XhWtBMa/YKx/CGiannlEqqBFSJruOhjZtW5UNbfoWXZemxK8s+rLS5o1Avp+X9fLQ7WIaCwQdzHy/OFbsrwywLIf4jhCpAsQhHkSTfSSF21AXuo6747jsnEVX02f6conoYvG+uxXDdpYdrKjgdQfdRxqcY6kPlYOW6wX9KAAV04UFBzFFr2sSV1OCG73LbHb2IsOcxNaKhA/LLr8BRmk0n8uq8qshBXylmYggDzG7Mosbm/m7bkdTvvjnxVMwV1j6TcpI45KjX+HRKNMtRBTWk3MgqJGJK2FlpqeoOx285S9z17lOD3OkNLraW56kffyQDC1tMgOgz8yIVnUHFeUInLkzKnKM4lINLWnUyxrGG88KjYKw0lb+YWPrg1MLj3GabL/APcLamLea6BuJwbWxWIO98t9ByeOFanhN495JSNHy6ppxFHLFpgopnciRmdRcp5lUFRpAUgJZSoFgFX7Oxrn5qzQAdfEBeAJv5efXmoYnD1KZZQM6R0AJMQ3TfkdEt4wZvRTVsk8VXlxgenjpnM1UlNJHVR8xKmneBwZo5YLIdDq32l3G6qJVw1djGsayoTBNmzbYzwdlt9lY+iykW1HCcx62gDWRvboR72J4D+IlAxemWuy8u0VNHGi1SSM4pouXzLFVTULKdNt+txuBXUo12UnVTTqNif6Y189fWFn47FMqPbkIPxH3ItqTHULNMUc1PmNbzYq6O2Z1MjN9bAGAzPmaFYsokjliAIS7I4kRrsHU42MY5paCXMMtaY8JPw6xB3m+xHQors4U61MRmsIkmIIGWPKwO0+qbcXZczxMz01bZghdnV3JVVB1tJqILbKDI5N2DEgljcfBVIqjxt302k+n4VLHCmaRaAQeCRJtOkn8EKpOK55ZQgYMwXlAWU3C8xSwYbg6fOTawse4GOsoljHEiB8W44P9lyGIZVqMaIP9Gx5HTa6mnBPgZmDoZhSyinKSUza1CSNHNJzNaQTaFkikfUnnZVcMSodSpYKv2rQae7LpeC11tBaACRoRraTzBSoYSXGLCHNgg/6s2kXnr53Vy8P+B1UtDRxwxaZaaoGYtGQkatzIxBUU0KQyLzGiEhnViCJEjlZkBVQcyp2tQqVnEOJLmxodiDMkEzG2sA7I5mEDGNpyBDj6SHaxAibaxJbbVRLxRyeQnPpIqaZmf4cHdJSyx1WUxyuVV2nVoEpZpOZYMLs8luUmm+hXaalNr6gAE8i4bVEbNu4gRxbUlGV6DqdAGnTOYkadSDPPwXzdBCqiq8I454GmaSZHhjUvrPOEkjkaEW7Myqyq2+u66kJA3GNKljnUn5ABB4GWBe5iN+mxUq1N9Zje8c4x/rJfs0wCSfrqZ894/RO8PRS0KMw0lgHJ6bC5F+lhux+QHoMeX46qcVi3v1vA6ojFPDA2iP6R8zcqnuI/DWnzeonroYqqpkrHYARytEqrCipGi7BfLEi3C31b7+fc9nbGMwVT+Fbla1s5ZEki5J13gm+mi2anZrMO3LXqhroEjM1wExpAMca+aN8FfR55EbM7TCQlSkSFnQLZtayKxID6iLMCO25sTjQb+tMQ13ggiRc2nWTb/br1XLYrsbDYlwDSGwDJka2iLeaNTeDfU65/wD4xt+b9saH/wDc14+Bqxx+laZ1rN9/2BUWzPhCEFgs8mpCQQYxa42IJ8x2P+6O3fFrf1piDrTHotZn6Ce4BweIN5mbH2TDMeC4xbl1QYEA35T7MQLixQXsbi/tgpv6yeSQ6nxxwJ9jIQZ/Q2M2A/5Dn/uTH/sgvnUuCTGxjcgjVICp0aLDbliVtRN/KNtwMVVf1fUynu2Sba8abR+yMo/oatY1TF4sR+53gesor4s+FUcVDUVVA5npjpVpG+plhPMQHVDJHG7JzbRh4SxNwWVVuxIwn6gq43E9wHMywJADg7SbEmCAdYFtI3WbiuwqeApu74OFYRAs5pkj+ppMHLJgjyM2U4ybxJAZjUiSXVpt59OkXN7XVrk7DcW649EFFzR/Kgei8+c9tT/5JKmdX4h0vITS86kljKLeUhT5fLzNJIF9yT0HTripoq5y6oAY0++yk5tMNDWOI5VR8O8T/Ey3RJSsjTwx7JpshaTmsxUOodUB0avuDe7WOFicfkrtfbKLe+v7/hnfo9nk4cg6m/tblJZ/4kCmieR7WQAAb2dz/DT/ANzWuewudrY6FxaGZ9bSOvCwmNLninpeD05Ve/R/Rp6ipqCwZoopJVXzFnbUpkkYFXURIhdRdrlpEFrAF+B7UqZMua8mD0kH7x5AckL0bAAZco0sB7hbP4qzDTU1Z35c1NFTi911SSFtSghlPLuou+kDbqDpGOMxVSqWPFHXKb73bIy6aGTb2mYNwzGGnTz6hxPpP1/NEH4l8Zosuoi0Ss6U1PJVOsDIWjjeWcyTMkhsyKVQkoS51tdbAnHWdjuh3dvm+nmCbeoPkIC5/tSm69XgwfYfRRjIPHQVFIk9JOkJY2MpVTJTyjTqhljkvErqXCkFBclSp3F+6M1GwTA4suPaAx0gSfVYn8TqzOp58xmmKSNR1vw1VIm8jykrrdEcOOXGGjLW0aFdLAhW0DswVMNL3DnX8C0zjaktYywsIH03URoOAM4qpFjhKyGWinrUVpIY3kggdEcKbLaZnZFSK4LXG/oRSw1GA8NA991TVxeIksc4kdYvHoofQ8GPLPSIoIklmjQLY6+ZJIEVDrKAO0pCkO6aSfN0IxS7EBrXztP5urmYbM+mdAb+X0VwZr9GmWscyEtGBKaTTz6MLTyxVC0kscl6gkaKklCw1CTSxTmLGxXBo9oHC08gaCbmTPitIPMFulvrffxeDZiqneF8CBAA0GhHEyL9YG1rb8GvACDK82CU1XNM8kNUiJII0eFGigjSsdVLdZppY0Kko3JkHM1IQBe1sY+sA0sADXNM6yAMxbeI/ZWdnYEU6TqjanxNiODmO44A6aqgfFH6JtVTVTQmqppisAqGnfmxMzSSyXDgJOzSkrv53uz9euNSl+oMNEw4SYix22vHtwgx+ncVVaHNykckkTfXQ/kq4PCr6MhrMrpY4yTMKvXVOrcszUyyo0cYdzqWKm5TSkII21J5TeQnGHV7VazFVaxsMvg1s6DJMCJdpckbnRaDsBUp4elRqGwN44zWHNraeULPmYVObxnlxVGY/Uaom/z0iiPlMYZIkHxQUBHBTyDTsdNxY43Q3AVHZ6zKeY6eBpPIM5Z6oOth8cw5aBqEbkPPlHxeh4SmaZ7mSQyMavMdf8MhqydrLKjrKCBUFGGhtJ6ghuhvhURhXVQ0MZlg6MbfgfDN7jyspV6WJpUHPl+awu50idf6otaDFjfWE0iylgpLST3sp3lOptVr6vOQwubnqDt0uSJuqtLjDW7/ANI/ZUsoODRLnbf1Hf1j7JCr4Vlk1cp7MbBLynzq258ys59fK5BNuhscXUsQxsZxbewt6WUK9Ks4EU3u6DMb/P5KzPAXhr4YwVM8wEsGY8nWWkZY4paCpeFYyy2M0lXHEumENMiKzWWMytgTHVsxcym2xa07Ak5wDpsGGb2Nhc2T4VtYN/mOJMmxJIjLIsTBl1v21RzNeFljpq41ESR1bRLLNLHJeUzyV1E1RC7h2iaNzJIOTG1lTmX1HWSCzEF9UXlsmBFogwY2i19bLffhmtpeH4jlEyQfi0njna/Glh1vh2kbZdR03NkE4WrmBZWuI2aOIIllRAzKWDm7Ext5wryKeWdjqpoVK9QgTLQINjmcJ32tAA19Bu4agymQwizSTPm1si2twDeb+cqccd/SZNIHy+WkmozJAYkeRwW0SLpEgWMMnLYa7zLKyR2a7XRgM3BdkOe0YilUDo1An16yNQIkmFcynQFRtSu7wk6xYkXi+nWdB0upt4PZwYKF5qNRI0TVDRhz5ZCkSi11t5TZrMOvW5xzuIpk4r+daWuJ1sMryfWJKWNNKtiGtJlvgBII5ixv01m8oVWeMtfc/wCVpv8Anfr/AM398V08Bh4s90ei0O5wfD/+Tf8A0Quv8eq9f/LUnTuzn+TDBrOzaLv63fJQNPBi+R//ADb/APmqPzXjudatppRZJxJeIPJJFFIfNzY0d206SbhbMEvtYHTjqWYSi6hla0ZmxeAMwuIMX66iSOivpYqsaobRL8haWwXSREGQQGjS3wzE3KVo0rGBJqV622EQ3+Wn3wLU7lrobRPsSrGVnhvjrGbf1EfdFeCoJeewmdpI2hYSMpUtAjER89FHlJSSWNrFTqOkYqxDmCmHBmWDuDBkRfc866hTbinNzBj5JG7idDmtcxIBHkVZ3jPwXmOX5fV0r2mopF5iVBUBkvJGxUkEFS0uldyx66QoO0+x2039oMqZSHxto62o8uDzN7Lke0sVRxGDfUY4h9gQTO/XW24VX8T8QvCWTRKzlSRZQyhjqChvOCLFdx6HHuj8VSp/E4LyKnhKtT4WlC6HiucwyB46h5mVVijjhZgzs1nDBdTBRHdtS6twb6Bc4xq3atI5msI01kCPotqj2RUlrn7G/wCefKu/ww4UeKOjujAqk7yXHm81PI7MyhfKRzCgDE2C7m97eaY/F3flvxHUR9vSfJdxSp+GD0/8gs3+KPFp0JEQ1y/ONtxpXWIxtuTZrtdQBZcd3SxoxGHYxu0A9YEBc3U7POFxL3v3kjpOv5wVor6LXDwXLZGAJklp57G2nUKxXkiN2IUxA03kIOkmRjfcnHC9rVM9ZzQOB6gi/wBr29JXUYWmabaRcfDOb2InS+8+Xor14jcSTFAVJhaJmQg69K1FXT6kQrqOmSSEAi11Y26gHCLA+CDEETO/xNtPmT0G94NtHwU5cNQY0iYY+/oD6qJ53CJYpmRFcSUcdNJqS/OhFbLHVQGNkBaKWNzE4uAVZutgW0aFQsc7I7QggzpmFiCPl1MqFSk1wyPFpMjb4R/f2Xzh8c/Bx8przFFzXRry0sjK2uSFZmjuWMSgFWS14y40mNyRzAMep4XFMxdLNI4dGgMDQSfn1hebV8M/D1A0gnccx1gATzaytDwF8PaqqeXRTS1MEmoNF/iLUMbypGC5aOOqSSZ20xxgyRcthsSdP1eLjcZ3FLJniekmCY0IjneV02Hw7Kjs77REH/AJgcRv7WVxB9HuGFFSqyeJJJldpY5quschY2j5EqGPMixSQ8wEkqbwkWZQpOEO0KzHS11xoIa3WQTGQT0i15BuujpUaFanUp5vC/KHGBJyuzAZokXgmLmL6QhbeESRyxiLL6CJEjp5OZOmbVUT86FXaMA5o0LKObJCSwYow6IyeUk48a1Hk6SG5GmYBOrbX4vHmgP4QARR1BME30J4AJMX1geQT3jPLIoYKirhpsleOCtaFEeCrMlp4ppYLs2YGmLXgSNo0gRdDyiJYRIwEMO9tQBr3OzFt/gAsBJAAmOONdlOswsd4QdZPiPPlIMxck8Jn4ffSSqRVLLVQUBcxThWiSpie+rVEoU1U8ToLKpjEBZwFOokMTXjMO2o05HOmWklxb5HRoi2n00VlFhYMr7CHCB5yLE+95OvRWz9HmSTO6thnNLSMz0qmWSKGWml5gnKKofnuQEiWIgqxJLWKAgnGDjXUKNWnSoSQ98GTmgZLEERBtGhBAjcQcKmLwmHzF0RoNjedCHDrr91PuK+MqDIDChjqPgaqmjnik8k0izVJl0wCDRFUzMUYy6UDyRBXL7DUL6vZtWq4tokSAZE2EReYAG2sX9lk/x5rtFSr8U7A33iASdthEcLFvHXEuV86f4WvjdXaV/Os0RVp6iSo0kNGCGjR1jba4cMCb3tqMwuOMF9E7aFpEBoGx9fmt5vaeCNMMfVa1wABBsZGs/mqA5xm8EkLr8TFZ2LqWMyIb6RvIyaBvtv3I33xfh6FZlUHIZFv6SfaZVOKxFF9E+MQbg3AOm8R/lR6WmpQY71VIdluVkaQg27BU1WBtfqbA2uSAdYMrw7wO9gPqsQvw5y+NvoZ2SWdcNUYCk5oItaiVWWlrpA0ZJCkfVR2tpa5uvS9t8F0H1gSO6Bi13NF1mYtlPKHCoQTcRmIj08jwpv4QZvlkTIkuZ1FWfjKaqRRQVanm08csYBlNUNSaJD/FGiIKxFtTnAmOpYqoCW02ssR8bb3B0yWM7i59lPs/EUaZOZ7n8QHiLQZuZGmthqk/GXi1ZJGSCXnR2+IM2llMpnRahWs7MxtG6hdRGk6wLqAzV4Cgacl4g6Ra0W+qNx2Ia9rGs4kxzM8fnupMPHyTLasTGnSpZ1SFNbsixqEGmPUAxW5ctchty5AOMan2QzHUQ1zy0Nk2gkyTJ/Oi1cXjjQZlayc0CdpAbA/ONEE+k79Jf/ABFsvbkSQx0scryRGUOsk8hiJKsFXXGixqEaSNWu0w0qDdtHsfsYYVtRgfJcbOi4GnOusweFl4rGd0G1I5tMAxH5pb1WnPArww51DBK+aZhRxtzUaKL4JYEMamB9JmoJZvrChJvNfzHTo2Cgmlhqh/nUWON2lxzTBBGocNjHkh8VVrtqk03kaECxjfcc38+ixdmfi9miC7V0zDSWPkgF7AXsRAD16Y06PZuBecraLRfl3/sicTiMRhyXd64gchv2ag9T4y1rAXnmN1Lf7MbXI7RjfbGg3sfDg2Y35/usw9t1Tz8ufJX/APR+yX42nppKkGQlq/Vq32XlBb6bCwW/UHfHB9vO/haz6dK1qenm6ft7LtOxcU99AVS4g5iPcBRrxq4GEVdmKgwDTTU23MS6lzlku4LXUEMpBOxuluq36zsbEH+DpZpmXGYMGTUi/l+WXI9qM73EvqCLgakA2DRueiI/RuyXTU1pJjP/AILQr5WVujZZ6bhTa4PQj8MZP6srTggL/G7UH/WiewGd3iSbfCNDOjPzzWuvpRThcvzZXLDmyUYjB1EMfqGbTYFV8qXLGwJAFySoOf2UJxVNw0DTJ8xH1/LqnEH+QR5/+RX/2Q==",Religious,6,"Situated in Dwarka, Gujarat, this temple is dedicated to Lord Krishna, who is worshipped here as Dwarkadheesh, meaning the 'King of Dwarka'. It is one of the Char Dham pilgrimage sites and holds great importance in Hindu mythology.",,,,,
3,Mathura,ISKCON Temple,"27.6278,77.6833",112333,0,0.88,https://encrypted-tbn0.gstatic.com/images?q=tbn:ANd9GcT1rMLeJW0vfZ7S3heRprm5ZSvbACFfmbQPudNSIewwjXjdX6DhTHrO&usqp=CAE&s,Religious,6,"The International Society for Krishna Consciousness (ISKCON) temple, also known as the Hare Krishna temple, is a spiritual center in various cities worldwide, including Vrindavan and Delhi. It promotes the teachings of Bhagavad Gita and the practice of Bhakti Yoga.",,,,,
4,Mathura,Mathura Museum,"27.6417,77.6633",846542,1,0.78,https://encrypted-tbn0.gstatic.com/images?q=tbn:ANd9GcT7dacmBLv4gKRzPX8MJsqyPtSJWQXGXsrK5bIJlRu06g&s,Museum,6,"This museum in Mathura houses a rich collection of sculptures, artifacts, and archaeological finds dating back to the Gupta and Kushan periods. It provides insights into the region's historical and cultural heritage.",,,,,
5,Mathura,Bhuteshwar Mahadev Temple,"27.6200,77.6583",2445667,0,0.85,https://encrypted-tbn0.gstatic.com/images?q=tbn:ANd9GcT8QOnp22ENhJpRc8ORg1jxNJ4psoAVt1YKvDFPkEQo4PqHMWLsozBk&usqp=CAE&s,Religious,6,"Situated in Mathura, this ancient temple dedicated to Lord Shiva is revered by devotees seeking blessings and spiritual solace. It is believed to be one of the oldest temples in the region.",,,,,
6,Mathura,Gita Vapisthal,"27.6117,77.6417",3566,0,0.82,https://www.google.com/imgres?imgurl=http%3A%2F%2Fwww.geetahospital.in%2Fassets%2Fimg%2Fgallery%2Fgallery-%2520(1).jpg&tbnid=x9mBY4bXApfD-M&vet=12ahUKEwjW_-vX_PeEAxX9l2MGHbAKAyIQMygEegQIARBt..i&imgrefurl=http%3A%2F%2Fwww.geetahospital.in%2F&docid=7z40GtarH4cTCM&w=800&h=600&q=gita%20hospital&ved=2ahUKEwjW_-vX_PeEAxX9l2MGHbAKAyIQMygEegQIARBt,Religious,6,"Gita Vatika in Mathura is a serene garden where visitors can explore various aspects of the Bhagavad Gita, one of the most sacred texts in Hindu philosophy. It offers a peaceful environment for contemplation and reflection.",,,,,
7,Mathura,Keetham Lake,"27.5933,77.6417",223111,0,0.75,https://lh5.googleusercontent.com/p/AF1QipPQpi9cbnZUuLetwkAhHwhkoUW0FdSb2G3qpAhV=w675-h390-n-k-no,Natural,6,"Also known as Sur Sarovar, Keetham Lake near Agra is a picturesque water body surrounded by lush greenery. It's a popular spot for birdwatching, picnics, and boating, providing a tranquil escape from the city.",,,,,
8,Mathura,Prem Mandir,"27.5956,77.6669",365477,0,0.92,https://lh3.googleusercontent.com/p/AF1QipNzdJFVm8U9FYvd52a8St58dftd9vGbRtsoH4QK=s1360-w1360-h1020,Religious,6,"Located in Vrindavan, Prem Mandir is a stunning temple dedicated to Lord Krishna and Radha. It is renowned for its intricate marble architecture and beautifully illuminated surroundings, attracting devotees and tourists alike.",,,,,
9,Mathura,Kusum Sarovar,"27.5886,77.6708",35664,0,0.88,https://encrypted-tbn0.gstatic.com/images?q=tbn:ANd9GcQbeeX6OddNR6O29Z1NiUIkzVZOyJ1o7Nb5LS1LdpEV3_xZHepRud0vqQGWvQ&s,Religious,6,"This historical sandstone reservoir in Govardhan, near Mathura, is associated with Lord Krishna and Radha's pastimes. It is surrounded by elegant pavilions and lush gardens, offering a peaceful retreat for visitors.",,,,,
10,Mathura,Nidhivan,"27.5864,77.6692",644853,0,0.85,https://lh3.googleusercontent.com/p/AF1QipP_MaV49axiNB8Egx6xFpkKITWGtkLLD03u0k74=s1360-w1360-h1020,Religious,6,Nidhivan in Vrindavan is a sacred grove believed to be the mystical abode of Lord Krishna where he performed Raas Leela with Radha and his devotees. It's a place of reverence and intrigue for believers.,,,,,
11,Dehradun,Tapkeshwar Temple,"30.3167,78.0333",4353,0,0.82,https://encrypted-tbn0.gstatic.com/images?q=tbn:ANd9GcTcOsVUrg5M7TshXhlsDgVQsls5SUlD01H9F7wrBhjH2g&s,Religious,6,"Situated in Dehradun, Uttarakhand, Tapkeshwar Temple is dedicated to Lord Shiva. It is renowned for its natural cave formation where water droplets continuously drip on the Shiva Lingam, creating a serene ambiance for worshippers.",,,,,
12,Dehradun,Sahastradhara Waterfall,"30.3222,78.0783",456357,1,0.85,https://www.google.com/imgres?imgurl=https%3A%2F%2Fmedia-cdn.tripadvisor.com%2Fmedia%2Fphoto-s%2F10%2F4f%2Fca%2F2d%2Fsai-bab-temple.jpg&tbnid=dEcYyW_IG6cZ4M&vet=12ahUKEwirtrSt7_eEAxXWgmMGHfhTAmIQMygAegQIARBL..i&imgrefurl=https%3A%2F%2Fwww.tripadvisor.in%2FLocationPhotoDirectLink-g12106125-d3668256-i273664557-Sahastradhara_Heights-Dehradun_District_Uttarakhand.html&docid=kOOrLTbOYtxu3M&w=550&h=413&q=sahastradhara%20temple&ved=2ahUKEwirtrSt7_eEAxXWgmMGHfhTAmIQMygAegQIARBL,Natural,6,"Sahastradhara, meaning 'Thousand Fold Spring', is a captivating waterfall located near Dehradun. Known for its therapeutic properties due to the presence of sulfur in the water, it's a popular tourist destination and picnic spot.",,,,,
13,Dehradun,Robber's Cave,"30.3917,78.0625",43757,1,0.78,https://upload.wikimedia.org/wikipedia/commons/thumb/8/87/Robber%27s_cave_or_Gucchu_pani%2C_Dehradun.jpg/390px-Robber%27s_cave_or_Gucchu_pani%2C_Dehradun.jpg,Adventure,4,"Also known as Gucchupani, Robber's Cave is a natural cave formation near Dehradun. It features a stream that mysteriously disappears underground and reappears a few meters away, making it an intriguing place for exploration.",,,,,
14,Dehradun,Rajaji National Park,"29.9667,78.1333",6346,1,0.88,"data:image/jpeg;base64,/9j/4AAQSkZJRgABAQAAAQABAAD/2wCEAAoHCBUVFBcVFRUYGBcZGSEeGhoaGSAaIR4gIR0aIR0iGh0cICwjICApICEeJTYkKS0vMzQzHSI4PjgwPSwyMy8BCwsLDw4PHhISHjMpIykyMjIyNDIyMjI0MjIyMjIyMjIyMjIyMjIyMjIyMjIyMjIyMjIyMjIyMjIyMjIyMjIyMv/AABEIAJMBVwMBIgACEQEDEQH/xAAcAAACAgMBAQAAAAAAAAAAAAAEBQMGAAECBwj/xABIEAACAQIFAQUFBQUFBQgDAQABAhEDIQAEEjFBUQUTImFxBjKBkaFCscHR8BQjcuHxFVJigrIWM5KiwgckQ1Njg5Ojc7PDRP/EABkBAAMBAQEAAAAAAAAAAAAAAAECAwAEBf/EACgRAAICAQQCAQQCAwAAAAAAAAABAhEhAxIxQRNRIjJhofBxkQQUgf/aAAwDAQACEQMRAD8A9UxvHkGR7fd68rmWe2oKQ0ltyNTC8RI8JG1uMXVPaoKPGvhUQzC+pugNha3xPzl/sRTp4IplpLRvjoHFL7V7Y7wQHenYakBp7HkktMReInAydvtTbcsBAUuxUNxc3BJn02xVaifGTbkX3Aef7UpUQe8YAwTEif5TxO+EHZvbVUKNQDQtgQQzkC8bLMzyBjzrM5+pVql6kliTuTvsPy6DDxe7gTUntWD0Jfao6GDkKzGUaJAXchtINwOY5njFc7W7SqVKhJqkge7aN9MHT0Iv8JG+FSEEaSwk3kQLk+fmPuxmXp02KMxYEH3TBLRNhYgc9ZjAVdkJTk8F17E7cqB0psxcSFJadV44+cbjDKt2uaNWotQG5OiWlbAEEmfCIIkDr5HFWHbS5cUh3ZhGYKSdhJaTeT0025iLYh9rO38lVVDT8dUEM3gaDqU9QJIsLiADjntuOHlHRFtLI47b9pTTinXpKSyakKyQD4vESQfCdJgEA2+IRn20dqlLuwxVEXUTaGJAlhPigQInc6ZvgXO9rZcojVpq94uojXqQhWqqQRKuLkRypix8WpUcnRZBVp0HZA1Sm8NJUlAFdmgEkEzIFzI+0MDcpJbjWNs728jVD++q6LwEO9ipKFjBJIUEzzMSDMfZnadTvammpJYqO8LAGGBKiLwYAmBaPK9azfZhUgKWJOohWZQQqtA1TAJi9uDMDbEelqQGrWqllusgFTIJ1SATEj8RMnOCrDyYv/ZnatWnUptmGJg/ZA2aFQMJHimVk7TeYwbm/aqo7haQPeVF0jSGOgbFoiwBDGd/TTGPPe0cwtd3qiq2tySqOoEidmg6QbA9DHW2HvZXaaKlquix+1LiyRBnUTMkj3bngE4ncorsJ6n2cvc0UWo17CDxJssjcDafrgDtb2soZeg9ZzI1aaagiahgEaPLqePlNHzGYNW/euyg6tYHeOl41eEnVqDEbGO7TyxVfaOuXZHdX1KpWC3IiYp7p1M/3uYxaGpdJDx5B+3u2KmZqNXrtLGyINkXhVHTqecLkzKnnSev8xgGtWLGT8sclT0xcay79jdqZ5qb06RFamsaqdWHEGY067RbbBY7bza+F8oxAvAJcL5pILUz/CwjpihZfO1acinUqU5idDssxMe6R1PzwdR9pM4llzNT0JD/AOsHE3DJRTVdl2T2pfVqOXr+pBLiNgKiFXI8nLYIX23pq2rVVVjuSpRv8xVTTc8eKn8cU1PbXOgyXRz/AIqVP/oVTidfbiv9ulRb/K4/6yPphdj/AFjKcX3+C9p7eJIYZoTyrCPL3GsfMh6fphmvtrqhlqUSNiovPnGoFfgam22POk9tKJ/3mQpt594PuNM4lHtF2U/+87PceaaD+K41SN8fsenL7XggEU1t73jaOPdhC3/EgHmMFr7VUyARTcj7UFCFHBLhtEerA22x5T+19isDpXMUTx7310MwxLTTI70O1KlNoj94ai/V0A/rg7pA2x/Wesr7SZaAdbX2Ghp+AiWHms4KHa9CJ71I2N9v4h9n/NGPJqOSYyaXa1JybEE02J9YaT8sHUOxc+YKVMvUANlZGj4KJUfAY29o2xM9VSuhAYOpU7EMCD6HnEsY8erZHtBGOqhSqj7arUKz6loPwB4xhz2cUAnK5kIDMKUqBf4L+G3Iv54PkB4/2j2HGseSj2triCRm1C7aqdQxt7xUnX/mb4YK/wBvvEP+8EQPtoE1X+2GSAPQE+eN5PsL4/ueo4zHndP2+JYRVy7bDoG/hl5B82geWGFL21bWFNNCDwrzH+cSGP8AhAHrzg+SJvGy6YzCLLe1NBzpbXTPR1v6kCSB5nDEdpUimtaisvVWB+7DKSYri1yGYzFZ7U9qEpldEuGBiIixuZ+Igc4B7P8AaZ3cMQdJtp2k8n12+YwHNIW1wXTGYHp52m0DWNR4m+CMMYzGYzGYxj56qZbvNLJo1Ig1BCNIIIEsSQNJJ3nnBVLtDNqyipSPIYFAuoMA25jxELYg7bYzKVqSa0cq6/3Aiore8p0MGjTubecHfEWdypcCpSqPUpFwpBBlSAfFZQNMSdgdt9xxNpumv7IoaplVGogFWYGNf2WLWUzfaLydvMYlr54aVWxqIAGJUi5G6DaAPwIwoy9CqWIJaAAkN4dQgloBUWG55iL4efsYMEyoZQhME3AMjc+GQQSYBI3vhdOUYytsGawRZ3tgpRKKZZgIaTIFoIteYmfPmcIaalwqkhb21SZn0vf8MNczRmlGoFQolp/uwBpEWJHEkGeu6ELcwIiOdv0ecd+m044JztvIxp5eZQQri4AO8cG+/pfGgusBiYjcTG3p6/XAndMGkEX/ADsZPU4MUQP3jCBsZkMeIjb+uGb+4tB9RKmgaK5pFr69RmPDaJEXuScI8/2eFdVoaqkrJiL+hG82t1IEThglemKUGWEE6SQAbrN4kbHbq2Ky+agnRK3mL8X/ACxzpStlYZ4LG2Rp1Kahkq0nDQC42Ur4fCbxIInmflBregkK/ilg0CwMrydxGg8euFLZp3VPESUXQJA92LA3mLkAflYNnJMWA/XqfLCx0m+WUovXZrmpSKippeSwJF6ZDAC5hSSACf4TginUmkATTmkNIKCNMjwsrSeFCEyLgkEzJo1PNsqBNS6RPE77zgrs7tB0Y+IlT7yybgEN8BI3/LE5aLzTMWnKU6WYapTNOjq7wrsyu8BYYPc+IBiSI9bjEFbsagNbBmBDKvhqSQSSp1aklVETqjabWnHVHtWnUNM1G1N44IJ1hyp0zuQrEkSIuJ2wyzHYtKpUBps1J6agqUUrqgyCoHhkCDveY4EScnF5tIarFNWllqRcM9QBmZCQVPWQCBfSQoILTLWGOP7bbWKnganJDEi/ukAgHkQSB5wbYJX2cOkqXGkWRtJBgwNL3iTxY773MAt2DW0OjJr5BB8REgsQNzGkD/PN8FOD5dmpkq5vL1S6Rp8RIOmVMXuvEqG2jYTivdsoO8aAALWAAAtwBbDDKZcEjUp03ELJIEEkLsSbE7RY2O2Oa+TZ6jhFLG5AaARZTeTcjbe+LwpSpegw5K+yY5NPD2r2ZVQg93UGr3SBM2JMEb2BNvPA1XsxwgcQQDDr9uneB3iGGAIghtrxM2xdOysopClKc49Cz3/ZHXRGZM1TeATpKMhMCYEFr4pOVpzHr+OPWu0/aCojaiQQG8N2AsCQrFQbb3A2NxjOVCSdHlFP2frMJGiLxLaZiAdJI0m5A3xznOwMzSvUpwImdSwREyL3t0xZ+1O30rMj/s3dlTJC1WZGkyR3bLC/5Y46DAfbHbNTMQG2VdIXhRAACACFsOAMZsC3eisPlKg+w3yn7sRVKbr7ysv8SkfeMWrK9pFGXSoIUCzAm4vIAYkEHpFuMPuy/aFVv37IxBAVgXCm0G4iLRPQcReb1JLoNv0eaBgeQcdIYMix6i2PUe2e2UzSqrCi5Xcs9JdRAvGsBl1evA5wlrZPKip4e5cFQSG0oo5Og/bgddJtziu4G77FVp9rV0PgrVV/hquB8gYwwo+2WfT3c1V/zaX/ANanDHK9mZSo9Rgq6AxhQ7qQvhAM6oiTt636EVPYwVJailYIurUWgqI4RgpLedrcwL4VSi3Qd9A+W/7Q8+u7Un/jpL/0acEj/tErT+8y9Cp6BlH1ZsK6/s2ukslUmFmCgN4mNStEwGOxPhNsIAk422L6GjN9MuLe2WWee87OpX/uuPuNPB/s/l8lnqminkqqRd3XSET+Nw4jyESeBigLRxe/Zn2hzDIuVVaVKiN+7QqxMW8RYy7RcsCTBwHGKVjKcngtOa9isrSCk1KtMkwGWq259SYwC/s8lNg656tSJJAZwLxvDFBIjYzfAXanb7IRTZXKrAQsWERDSpEcRt+Nlecr09eowaZvp1kwSQWAiNhIuftDnE1klLWadUhwakME1msy+87EXFiCLwDB/V8S0mFNRpZQoBYq1zJncTHA2+GFSZc6FqAaCQdjqPu6hJJAEiLnc2tBxMmbpuxX3jpClYO3PTm+Eq+CblbH2Sz4o6ashisSSYFxePOJE7DFj/2oVX8Y0+H3L65ncyNMRB3m4648+RSiITA0m8CQZH2uluSDtjtq2qoBqlyQNRIgKJjxW3Jmxi25BGHi2lgzkz0r/aSiZ0NMR8d9r32xmKJTypqjTVJR1sAqBo8zLA6YAWx3IxvB3TZnJ2UtuzWXx0w2k6pLLMRIEgiDNyDHwtgrsqtTBUiV1OdVPUQqk7Mpg2AJESTcYblkZBLLpcR9kkAi9okTGFqdnMEYKzWHg1GQPEYMDfni0nrjmWpvjUgUzWZz9WlUddXj1XVrgDUdPim8i0CLeuGb5moKaOWYkRISwExcA7iVHlbC2g9TVpq6KhQEFuYN/eIuN/TDPvBpGrxC8Kb83ExPTGaprA2xtCrPVCFBGoBhefXkfCxEYGy7hFDMwKMYZQL2IncQTzAPTacOHoK6wwgKs7ybHcH588/KJcmpa4MEBQAObGw4kxfHT5U40ia0pXkBzDgM4p1AwFxHQwePUT+jgJsyQ0sA17yJ+84sqdm05gBdIU7n4mfQ/hhLm+yRPhIaBx679D042xoayqmM9FogTNUjOpRI2EE9SebGw/HCvM1Kes6E8E2HkepwybswXlTZSPKb3teBf5D4r872e1MA+IjkgWFuow6mmwqFAuiACCD1AOxv8/XzxySNzzjhTjsKcOEny9EtIF7E+QABJJ+WOq9MI0TeIJF/I4hBPy2xhM22wOzHVCroYFTBBsYBHxBFx8MO8p7QVFgyxBphG1MGvqtCmBEQIPr5Yr+i5x2AetsLKEZcmPQMpmhVQlG1OqLrVSywvhUgA9HIEC0HfaJKldmLIBpUjVLPBkFtUWFpsBPXfFJ7Pzz0tjEkSACCYm08WP3Yef2jqaaaoS2nWCpJJEEgDbTxtxzY44p6Li8cGH0sAF0yp0+7H90bn/DwsxG/OOMr2ZQr973rBanesPE4VohYlT+WB6uYYgBVB8Mq6+KDtDBztIuB1jY3Ho+IBahKsCYJEgoTYW3gCw+POBpycMseLSCX9kyP93WNrjYemzD5jC7OezlRTJdXc/xH5m94tvhutGkwNKnTpKVVvEB4ZlfECZkk2535g4h7KzSVQ9Mhe9VTdWdRvAMr9ob2Efdiq/yJNYRWKjJ1Qq9luxkrU3ZywKvAiOLmxGDEztWmsquoSNXi1RYfZgNEcA2k7YM9mco9FXR2BOs6ipJBlFabgcHphH2bmVBg1ZYkMYB026MAT0OHfybNrR2pYIv2N2IIptBFoUx92M/ZTHunjjrtHrxi15TNLY1Kiz1gqPmxv6wMdpUQCO/pTaP3mxA+e4Vh6thXqy9HVDSg1yVFKUEMQYg7eh2xhprJnYgAGDt1M3Gwvi4uFYjT3Zh9WkOm2gSBeLm31xHUyImCquviJNibyVG8kRKxfdTxhXqv0UjppKk0U1MuLaoEjnzYx9Lz6Y4fLAL5x/1Ri5J2TTZiChERFiJgsLRI93T674Gq9lUwJZGAB+g1Tss7kdduBOD5v5F8XWCnvSxJSUiLm0gQSIkXiMWVuyqNiWPExFjF5N7HrAAvvBiT/Z4EPpbxBouAB7qn8cVjrRZGeg4rIHnNNOmQsyKREAM8FgZ1SBwY8VwSDsINQy1OR8cWCsjmm5FRwFVvCSLhW0EC9wCeJ8uuM9mOy0q03JnVrgGY+yDikpKKs5tKDk2kJkoyYG8/r8Pni9dh9lxl3UCGEM53gkCDPEFZB2mcc9n9k5im4OtCoEKLnmenH44cKtUka4WARKmGvYjYEiMSm93DLx+Kys8FezdQs7ICoJBgnxXIBEg7QREiYnAb0mVIbuwynVNiLdABAmWEGBfacEZ2t+9qCAwVmBEwRHI6H8sbpslRNDb7lTfVHuzI/XnhG6OKUfk7CMrmlYKUCKQCIKxIUKNpuCRAG8WG2AaKVEEhVPhI0iwBuLEi9o5xxSSqE0p3TLABVlACmQZtcx6kb4JyzNCIUBGoWVZEjk8ExO/ywHjgRoiq1qmmyutSmQY1EGL7X4a88ARibJ1+770NEpuFAiQQLNJBAIjpcnnE5yrsRLKgALKWtMwwTUDcb78geuBUUrrVFqFTPhEVDfnYEHYxeJYCZk0TTjQVh2F1qxqaCoIkk+DfaDuYiw+WMwCaFTuRJEBuLkWESsgk9enON41fc1WBdn5twTpBCkyAWJtfbV02wTWzl9Q6bTA5i3Hw88KaOZ1WIvxbrHHXnpfEj1/DMRcDboML41fBZBvfMTN77fMT0nG6laIMHjcHedjPMfTEVPPLAAtHPmbiL+oxFWzIiwjoJPx+t/yxqYwxbNCFWY6jiLT5ycbfMxaSCxj9R9DhNRqfaPXk+d5+GMqVTMzYXgfDG2I1llQqoIMmbyPTkG/I49McJYQQN4ABAI/EW9PSMLUzkb2aeSLRYjj03vfBOXza64Ikb6W9Oh88ScWg2C5muVaeA0D+f547p1HZdTckWmQREwDBA/W2Ja9Jw9gGWZBW09NtheDHljlqRACiRpgCTIm5sBf48388NaaAK8x2QpEpIj7MX5J+thBOw64WIgFqkqIOwMyONtzYfKY3xaadNmB1QSPdE2M+u2wvjmtlFe1T3bRYSB4RuT0E8cYpHUrDFcBNk8nSimDUK1GuDAYXghWVgIsYBuDbg2kq5Oi1NWFRVg6WO+wN4XfVb4yOcEZrs7wjSEAU6bgAiQTJgeKw5kyYvM4FyOXqoxFIq87gAOCAJU8gbkg2588Nd5sR8kL5NUVwXkqp8WkxP2RMcja+/TAdIg2IJt7q7mBvzFpkx1+DLNVKukU9DA+KVKA72QKALXnYTJN5OCaGSUqyiroqQSiMQIewAmeRsQNvjB30smIe7osiOjMFBgoyrq87zzfre0DB2T7YRGCJTUrYS4gzcMXJB3ESBwLXxD2h2VULr/4rNIZ1UaTBgX92/STPTEWa7Jro41oY1xvzvB2IMT0tPriXxkqbMW5ER9LoQCRcE6gBCh2VwZAZQfCwgGOd1naKaVVgSYUgAHSshhLJFgCbybHjnDDJUNNNKYYG3hIbSy6tUhgD4l/h4jyjeYpK7qWVRAIVyQZEAbSACSDv5G0EY41KpDNWgKlnSg7yqQUIO0EHwzHkY1A2E9dsLfZ1l/aKpQeGLCALah0wRmKqitSoqid3UK61Mk3I1CSZTmwM3icOP7OpUawFNCmtG1QSdmpxAYmNztjp01UW/Z06EH9RJkD4qp38fP8A+NMVHs7MaiFSmx2sgvAB20/O87Ti3ZJAO9nfvd//AG6eKZ2VQDwoDN5Dc24jFIpU7D/kK9v/AEfZlKgiKb6fOmxK2i0A+fzwpfW1SNDEzAXSdPoJ+7F27KygSmVBqqCNi7SLXiYKnyEemGApAj/eGQxHvatlLck3t05wI4wkbwYtspBhl1aA3QlRA2nSek/jiWgyzdEF7QoiDGwN97YvK9lag0PzElVI3iboeo+eBV7MVgINI+tNeitsE2hgfjjOL9CrS+5VAlwUZgOQrsPSCI4/W+I6lSojgd5UgnfW0g+etrqRawmQLnm3L2PYsBRgAk+ELAABmdQEQccP2cYaRTGmx3BG1hDzyP0MLTQfHLqX5Kd/alVf95UcBZ1g6TJvYSD0+uGuX7RdqL1CyjQQkNo1OxIuBpB26cL8cEDselUcioihxexYKQSxBgncXB/IjBY7HprT7sMwQkNp8LCYMHxqb3+7Dpx7NKGr0/yULtdtJ0mwJYx4lkNEFQSYU+9uQdVgJwx9klPc1SBOksfT92MLe20KVmVA+hSwQG4sPEVERH2iQPXDr2MScvmLbaj/APXi018SejabB812dmqSFzmZ1CV0M4k7wbDTaYibiMcftlRWSMxUI0jV42Pi5Ehr3+nphj7RIzUqUFpFwFEmdFrC/wAvuxUWc9b+a8c77HE1ckLq3GVJjzOVVrb1Ap1H3ptawNrz4t+nM4G/ZhpU9570xAkwIkyOPS4+cS9nNTZSCrbeMjYA7EBeTG19vjibM9nAszLDRGjTYgQDe8wqRH8jhN210SvIIqlQCKjMsxb3Z6Eki8X+XmcHikQoZSQhE6XcLN53ixvPG2IctV7udKt47xcjwSfCYM3IkenUEKu1s6HJ0hgDuCSRNtsPTkwtBNSo4YLpCrqkEkNEmN1tEemOa/bDKSNCqZnbfzBjbc2POFNDMstwSD6/h8vlidM65JkKZ4j0Num2Gen7Qm0dZftrvAUYb8ABpjnpNvqcbwq7mmYIbST9kDb4m2Mwm2HoAMsqDfEyVAQJsN/lgQFjBgkWkx1vvjmkwn+e/rizRUNFT9RiZNLczwNh88AjHYJ2n+WFaCFmBPPl6jiRiCm4P3AbSZ5GI3cm366/jiTLMNQn4n4/hgUZZCUSLsNUHSQZj9dMGuVVtzq6kzvBiNt/XfAroSIBFr8c9I/PHNMaoW0AHk2Hw+c+eFavIRlQzTQIfTLSsEar+YO5uIjrIx0mbBQKwBZSSNJubxe3SPgPPA6ZWF1iYE6QBq9B4fduSTPEYDNSCGElmMwLCPKSbGYjyGEST4GDsvniPCZvb1jbj1vgx81MTPICzMFh8pPXywvy9MlV1MdR8oje4gbxePK2NwQwB3EjUAYtsbidx+WA4qzWOg2oARIPofnP6+WBUHd6tMAzaSbWIUmPj1G+18cIrDmCRyLTPM7Dz88BdqV6kMdwBBiNz5XmDM363tfRV4BIx3VqyjwqykBQ0ga2KwDpCk3PJ2k8XEzmaRwysqiGBXSYPurqUGNweDYEtc44agWLMzKHW5VpBBBi1oN/vG2F+ayxSJBBJ6gjzkgz0PniqjGyeAwNVqIwVy4F2UnbVpEwTcmAOdvmdlO0DUFU5hnqNpjTq06gpWwjdgQp2mFJm2EVGnqsWjyiZw/7JQIZUy0GD5kMB4et7RtjTSSCo2TrVE95SVywIjXuQbLMQBcopAiwO84a5DPO7EVFQNClYSPCCfdMkGGNpHlY7xKgB1QDJUN5kHe+5O89RNscdpZlVTV4iJFiRIkk7wNp/HHK47sUNtYBliDnKRC6ZcGDvdpvf6T0xa8yx/aKflTf/VTwH/YXioZjvN2Tw6APfP8AeDcT04wdn1jNL5U3/wBVPFukdemtsaOcmQGrcnvLfCnSOKxR7RqO6OzeNT4SFAEkEXCi9mIjFoyJg1bX7z5fu6eKoi09WsgNAmCJXYDxCRMX364KaQuo3gvPZKVoiqKZPVdfrdWWx9CcGPli3BEeX6nFYyvtBVEBRSA4Hd28tmFt/pgge01Zf/LPlpYC8clrYSh1qodrl/GBAAK+h1XKyekTx8QJIJp5ElSyMI4FwTF1MDi2/BGK5U9pKgEmlTOwsWHp1wK/thH/APnUyP8AzCL9LrfDR/gz1F7/AAWw9nudPjYDQTEkAiYhhsbCRNrRyJ2tCpJuDrZpE2kESegNv+UzGKenttTY6Tlz8GH4gfoYIo+2VEkL3VUHf3l3+e9pw237A8i9r+h3VypY7LImGD7eEMRqUyJEHjAqUn8dOoASrFd22gGG87xY8YFT2goyABVH+EkEHZSCurkWPlOOv7UpCfFUBdpk09XAHW+xxNpIp5F20VDtrs2khdqdVv4HUk7iwaBEX3vAGGXsY3/dsx8f9Efjhf22oFR9OpmM6mut9JJlWEg7/wDCIwx9jKerL5gdL/8AJi1twycsK3MclFc0lqKrKUO4NjpXYggzimdqU1TMVKaLChvCokxYGxJn64vWWEvS2EId/wCFZOKt2tQIrVW8Ilt29BsAD0P63SLobWSaFeWpnVEQSu8QByJ5/Rw2y1KqAdfh07lbs97XuCoBO0evGBKdYt7oMAcX52JxKleAepOx+63Pn6jAlbOfaE1ctKEDVtcxB0n3pE32gi++Ev8AYlRuQBxHryd8MErmbECLz6+t54tiQu06gCZ3gTuRvAtcxgxlKPBqAct2IUPjeJ2IAPN7zg6p2dRIJIuRfSII87mBtxjaIzggWPUHy84wGUMwWJv8Ra1puPyOFblJ8mpBlLKooACsT/DP6scZhcEZfdPrJMfA/rnGYGx+zUgOnSVdWkyAZEn9fUYEczf54OoGQo0pq+EkcTNgfP8APAdYRIi4xeLyCiOMdqcaDjnGxVw4SVBBMjG2588RCrx1xPTqC8/3ZPy+/wDPCtGOabkTHp68DDDLVSsJqH/FIB2tHH5YUsfriSmx0xzPS42uD+GBKNhG1HNOxhd7Dwg2XYyBuPXqeuN1HKMsIp8Mze0kyJ3HHlc4FpNp2na3E+cg8bxjbVuI2484/Xzwlehhr3g0xFt+vSN+bfTET1HmAB8D9J/W2BUcwZsNzYc7RPQx1+mJEqAGSOegt9LA4SqMENVYkkgegiIt8PLETy5kaTKyEIj042PTE5qLuLx5dDNjPQHy8sL/ANq0MNOwMyTPrvxfbBjb4A2DVEqrUk04UA+EE6fEG5MkiSd+p64EZTpCkLYkeGBPmRyL74sbZtWE8kbC8WO4m39MBTTt+7UgE7qOkc7+g/lh4zfaFoDpZEtDBAouQZJtbSL3ne/phpkqfd+EsB5yfOR8IH1xG1aSYNrnTEEdbC3UYFZySZMwfu9eLW+OFbcuRqoePmVLGWkcEev5YXdqGac/4uPjPxMfQYgoZhZgiw5j13J2/XljefZIIUnfY/Hb9fyVRqSGTPQntTy441UvzwJmzOZBF4R/9dPBWbMJl/4qX5YAcjv5mB3TR8WGMjr7O8sAO9P+M/SmoxUstWRioYWMCxAOxsCbRtvi25ZbVfOo25/wiMVLLZREemKtWkVLQe5qSy+EkE2gLIA+IwVRPVTdFoo9gU2Eg1Bad0t9I5xpexaIZUYVdRExrpglQRNvIlb+Y64cdkUaYH7osyke93heR1uY/wCEDBkOsSg3ncdBF9E7yeMZfyNsj6EL9jJsvegA7nQ3Hr1vbAJ9mUZh4nBm0op8/wC/AxakY3GhbgRJ4AaDAgnc2Fth547VtzoG0LBmDpgb2MEbcjpscscMDhH0UOv7F+P/AH8SYGqkQJtA1ayJ2Hr8sFp7KN3hArUm7uzhVJMxMNe3hIMdDi6BNYKuIDFlKHcC9iw233xGgdVKMhLb6gVgiDGrkN1gRN7TALk2DxxKTW9lKkhhUWQZkrzqm3036njBH9j10Ic1KIC/42UcG5KRHw+WLM1CobgKQfs3H/NNvljdOmGBBRhBgq4Bn5EqQfXCtt8helAqebh6dQF6bFVtpYEbHyvBOIfYw/8Ad8zHQ/6f64g7TyFahUqzTHdMrFSgOlZkCTpADT9na4x37GuO4rgmJ2/4cGEdqZOCqVFgyzw1JtvCR6fu8DZujTenXZqYLgVIaWmyArImLSOMTUmtQJ2j/wDmcD1HC0s0/IFSx86anbGKzSp2VQ1W84G0/DqYja0XxiVpZQb3A5sDza5wDUzMkgdbx59eN8TnQabHxagQBzMzcfADrh6o4+AoKwJU+G/2tpjcz5euCqFIHeoCDuIPlzuLxeMDUWLLJCGTquDPleYIBPnvfE7NK6ghgHxqYjgmCJsdrmx+sW2xbOXrBS13Vh/euDBvHIG/GI8vmg0llE9TcbfP+px2tFalMKWIIHkbwANjP6OBnymjctY2JBF/IEX+GDFx4fI3IZUAZYRjc8kQRveZE7HGYhyxAECY3EQT9f1GN4JqYmKhU1EmdgIt577/AEi3UYiqWudoBA5j9HG8y5kCTA6+kx+GIgkwcdCQrOXbaN+RG3xxHrwU1KOPhjGy8x84wykjWc0XHoeP54k1nYn4HaJ/lgYJEeuCdMkD5fr1wGFHTIGYwOBYHqcTUDAkGSD6TsBGB1EBrH8hb88FZcMgJizCzCP10wsuAo1UqBoBaN/Tn6zbHWXMggdJE8bRHXriDMqS8WiBtYfr1xLTBUqBMcGcDFGJEqbC7Gbbn9f0xGMzE+Xxv1nDvs8KBDXLGInY72MfT1wuzOWXUdKyBH2pMc/r9GSmm2qDQO+bYiZv5gA9ORgatVm8/Mg/diTP0wLqZB4mT92ArCIva+LRqrQAlKl4ExHpeL/XEgrwSeg238vQ4Xh+cbNQ/r44O0wwFQjxbap+v9cSPUUqJNzz91+P5YWq14vffBbOoW9z5/lO+FaGN9+pmd+oNucbpmQTvgFWwTSk34jbBoy5PU86vhojnVSH0OIXULXU7gUp/wCcRiXNvejb/wAVP9L41Vb98D/6Uf8APjnTO5o5RbVzFwzf6RjzrJ5RzUUWW4ux0iPMzb78ejBrVj/if7hjz5s0ZIXxAgbDYT1Pw/W7wbzRDW6PSezMyun95Vy+1ilWZ+Lm588Mf23LgEjM07i37xfz+uPMqOc0wCGmwIBj69L/AFx0c6dyRLE/qbcxhHfoHkZ6JUzlHfvkPXxr+fpjBn6c2q0rGY7xSBced5xQcsveITpPhBvewIII3M2niw+GF2YSCzTYRHntt8PxwItN0Hyv0eqJmhsK1JrX8Q5BB2YdZjacSLm9h3lIkAbsDsIm77mD+WPI6lQkCCL7np+vwwZlVkSbn1I6CRb4RffDttIXy5qj0580BbXTMSfeHQiD8CY+s8RJmQxZWeCyqAyHT/emCvu7jaMUPMMvckBNVmM3kWM/D8QOmEmTyqXLCfDMD0Pn+owsZbk7G8i9Dft/KGjWqLqqgFSf3rl9Y2kHkT1vtsRgn2LQGjXB3kR66cVlswCLGBvG38jecW32GaKNYclhFv8AAcVa+ORYP5YGeWYKcuTJCxP/AMZ/DA2eKmnmbWOsDyHdpg5I00Nv1SbfAPaBihmuCA5HkRTS+Jrku+GUZE3uJjfyvG15kdfnjpUdrrqDaTJHlvHQWwvDPuJJ3sJt1wz7OzQMKHAbvFZWiwsbEn7JMT6b4rJ0rOBsjpvV1QHNt5Pn8sHHNVGJDEgECZgz9P1bAz5k03KsEDKSCBeJaWAMTETY9TttiPN0ytw1iTbkeXTYj5jCcvIE7dDTJ6UUDUGB/ugqwvtIvcdfniavSQqo1OBMwWBI/H68+eFOTzRSNPT63v6/lgxGLzEiOPK/G2Jyi7sdIi1lW6qbj5dPLG8cPmCd+LAn+hxrFKCCl7xHONsOgxmZdQ3h2+eIS8R5YohKQTEX/r88dBBvPFh/LAxqfd+JxPlkpkqWmWJED4QdjPzE9RgPAGiQ5QvFlBI3mOn0n78c0spcK4vJj0jjB1DIkaYY6TIB2MSAZF+L2n78SV8sNULqMC9haBe/P06Yl5c1YY2LXpWI3gqCQdwVET8sMctliQVUSIi8SOsTb6YH7vSi6jc3Pr+h9+GWTpwGYMsqV1aovqJjfrAvBwk54wOC0spqUkrMAhotBDAgGOSPvGB6GWBMaYG4BtF43nfFkQCGgcEcdQZ9OI88B1UJYmACS3EdSDttB+mJrW5DQnzKMrHSwGmOZB/UYErVDqHisOL36/0w5zHZ2sDQbhR4fryf1bC7NdmVQJ0mPSfuxbTnGXYrF9epuYifPARub2wd+yuBdSPhiM5ZhupvtbHQmkLYKExs0zjpqbDg43SQnbfp64azJnCC+JnQQOp/xT/eG0W269OuO6mVqE2RjN5AJ+O1v547y+TffTqHIO9rn6YVyXIQMA4My6n4f0x0+UJLaVI6Df4X88S5fLVLEoxkx1PHAv8AH8sDdY0eT0XNG9Af+qP9FT8sEUI7+4sKXw9/EecQzQsbVQTbYd29z0vA+OCctS/ek3jugPjqOOc7ZMEMaK3TVUj5Y8+dR7wAFtjbyPNv649JWie7rWMk1CBBvIMRjzdOzajm6soj7QIv6YaPdkdZ8HVAA7tG9uOIif1tjmshJUC/4zgqh2OzGTqt5G+C1y5UqQrjowptb1nceRGA5U8EbIMoalJgS2mIZSACSI4ME+JTEfljvMpTbUIJDRpJGkAyCduRJHy4wx/sssARrgbCDEb2U+f65xzTyTEhCtQgExKkDUYE36iL+XliO63ZqdFbEqzAcbA+vFonBNB3cKlzFlA9Z+HJJwe/ZVQMP3T7wDBNgYE/XG8vkK1NjFJ21EgiD0IBBi0z9MVcrWDJZONEsCzHpM26Tx18jgLODu5iY1RccX9Y+eLC2TfTrem02hQrMRJtcDe29h+INfs2ZPdVQZP2GP8AUYSDd8BZX0pTJAH8vh584tvsMf3Vbf3h/pwtp5JgCi0ao8BuUI4BI26jb5Yd+wmVYU6utGU6xZlItpPBG04u22nY+m6Yxoi2WPBif/jbAXaY/d5z0qf/AKUwypUGC5axERqsZH7txe1uB8cCZygxTNLpY6g0QJmaQFhze1sTvJe8M8/yfaC/u0cEqrAz5c+Z4ta1rY4qVe8ksRKHSo5b3ug+scjEf9k5jbuKw9aTj/pxi9n1YOqhVB4PdOs39MW2pO0cG0mfKCoabjUS/vyRYiACIG0Re/OMz+RqU9IPiURcbTA35G/OJKaVHZZ1qRYghlHrJ2nn+eLBWekWSKhAIIcMsjkyfPTvY3PTaMpyjJBUSphyCeq8bi2/wGG/ZI7xCAdMzqPAIkjja4+R6YYVuycsGLNWgsBACltyNiGvc4ly3Y9FgRTzBAkliy6RaInczfpwZjBlNNFEmmJ1oFiyACZ8RvuPIcH78Zg6r2PSRpWub7hFdp85CW9IxmF3r3+DUSD2SbmqP+H+eNt7JwP9516fmMW0ODt9I/DGTf3TPofvxz/7Gp7DsRVansoGFni0CR/PEI9kKm4dfjbz3GLmJ2uMbUMbTfi30wPPqezbEJMv2O6gKX2kC+wN7WHP3nBByFRdmT4qZI6GMNGy9QAbCdjGI0SpaSvnBtiTbvIaQuqdjh516bm8fhz88RUvZ1FgqWkc7/Pba3xGHWlxfX8T+rYlo0596pAjgT9AcFSlwmbahQvZgB3IHlOCWyq8wfhPpGCXor9lhHnIO2xB/njtqKAe/LHjSBad5nC0zUgJMonQ776evpidKCARp++/znHZprE6/lH4HGhTuPFPzwaZsGNl06D5kT68YS+0CMqp3GlamsQYB62Mj1Pww5qOFEkt1/VsJfaDNovdsWsrGxPVTER0xbQXzVglxgAPaWfVygekxVQ5AUCZtaRv8hjjI+0+eaY0tG/gQdbXH6jG0zCM+pTJ0afI3kCTz5YFy2aGuoo0iWkSYGwm3WRO/POPUSRDcxqvtfmtYphD3mxQqpMmCNMAfL8jhxV7Vz1KCaa1APeKQY3ta5Itt9cVzs3N0jmDUd1pnSQCSAJkQZPMfdi/ZftEFZDUyWgAgxqJBiYNz+OElSHi2wXL9tVWcp3RUqFLXkDVP2tIEW5j44Kp57MeEHL6pBOoEaSAW2jeQPqOs4T9idrIlSs9aolNqiqRqjSdOsRwJHQb6iRhj2b2g1OjUdayZpZUCnTIpsim0A6iCQOIExgbRlIM7LzlWoKpaiAFbSo2lhMiQSOl/PES5/NKCWoAgCTpiflr38sSez3a9PRU7whHZySjQjQIUNH2gbGR1w0WrTIY0/GfK4sbydrdN8LJZCmKqHa9VhrNEhAJJJVSIF5BeY9BiRO1arPoWiSZE3Hukm4JMHY4X18/TA7qqwpVTCstQhbSWbSx8LpAsR1HOJUz1NHYlnCugAdEZ1OifECkxZvocTlaKpJxsN7S7TrUSS1EmnAhhEzyCJH6nEadqZjdsrUCbzpg7fxdeuIv2rvKRpFhUDGLzIEGxVrjkX+uDcn2iDlqGuoBW7pCRpJbXoGqUid5nGUrFqjXZ/bQqllFNwV31W+X843xNUzzoNRSV6qZI3kEGL7fXAOVdgtbwBW1krMQf3aCY4BII+GNuBVWpTNtaldQEXIMEX3Fvlhdzug0qDEz76O8emVXkzMesYmymZ7xWKR4WKnU2nbc7bYiy+dIUhkqa2A8BQm8XE+6RNpmMC5JzRNSnUpsVZi6usEX4IJkEWF7bGbxhtwKCM1n2RtJUhhxEzYmx4EcmPz1UzVbSjLRLKwBJngtayzaJvxa2AkzTCqxam90IQwXmb++pIU20wwGywYkYn7Ir1Bl1RqTrVUQ8kaS0QSjatjGxiJ2xrNR1/aDtTFQUyJ4nYwD4rTcHj4xiYZ4m3dnVItqB3APW9jsPzhR2VRr6KlNluWYqx2MltJ1AxGkhSN5UcYYZbO65RqTq43Uo1jA+1s1rSDBwbMBftubYaqaKyh9JEaZ66Z3Not587z9l53M1abMaaBkuRqs40zCnhvp59Ndm5xqb1aVWm5Rn10isNKtJIgQVIMmSIjnBHZGbZFqA0mDNUZgTAXnSTDGNgNsBcgIez8zXqgyKYGogN4jIBg2sJBt5wcKcz2jn/2gUEpU9W+oN4SLeLxbDfr5eZdTMV6ANPulqUzUYq6vDBXdmGpCoEgkiQb2xGc5WGaNdKauRSC93OlihMyjbNyPORcRGNeaN0F5hswlSklQU4qMF8IJvBLC/IAkHmDtjWfoVhUoojIEqhr1FBIYKWAIUC1j4vL5zdpZqrUahUFLwUqmtkLBXulRBsSJBad43xvtGrUqNlqqpoRGZ21MpBVqbBSCDt4geOd98PXIAXs3s6pWVy6ZdlUsgbRGorYmIOkhvWY4xWO1ENFyjgEkBjoBi4m1ptMWxdOxKdWkGpnQVdneQGBOpibgyNjEjgDzxVO0q7JmDTquDpppJ2kBEuJJ3n+tsQ1opowqGephYAgCw8BJH0xmGtCtSElgG6eNgb+UEAfDGsc21frNQXn/AAL4bbef34g7MqFwCxnby6dMZjMAK5JVqGTfcj7sdVjB+fnz54zGYwUdC7D+H8cdqgk2/VsZjMZGIarEfrywPm3OoCbTsLceWMxmGiFklGoSxE22j6YMr0xp+XJxmMxlyKhFUqNqXxHY8n/DiOrmXlPEb/zH441jMXiIQZvOVIA1G7fnhTnnLJczdsZjMdGlyhZ8BHamXRaQ0qBhcLU1i1/xxvGYuuia4Yw7Py6FFJUEkTJvtbE/YdIGrtxjMZgvgy+ou5y6aR4RYqu3HTD1KCgHwi9U4zGYk+C0eSPM76eNo4908YkyFMGSRMAR5XO3yHyxmMwi+kbs7J/eMN4iJvFj1x3TpKbEAhhcdd8ZjMaRkA5FBqCxaSY/zDEmdYqZBIucZjMSjwO+TWWvRU8mlJPUnn1xAldiKEmZubC/hbGsZjewB9Vzqp3/APE/6HP3gH4Y57VcjuTN+9W/wbGYzD9GGlVAUJIkxvhNmXPcTP24/wDtj7rY1jMHo3YdlfeA47sWx0V8TnyH3N+eMxmEgGRXc7VIqJBj96V84vad8Osh15Zbnr4aR/E/PGYzGh9TM+Ea7VOlQw3CkzvdSSpv0wJ26gGWqsAARSeCOLTbGYzD+hH2DVnJetc2pza261Z26wPlhixnJf8Asr/pGMxmCjM0T40/g/FMV7tmkrMGYAnQt/8ALP4D5YzGY49Qp0KFy6qFhQJAnzt/LGYzGYmwH//Z",Wildlife Sanctuary,6,"Located in the Shivalik range of Uttarakhand, Rajaji National Park is a haven for wildlife enthusiasts and nature lovers. It is home to diverse flora and fauna, including elephants, tigers, leopards, and various bird species.",,,,,
15,Dehradun,Malsi Deer Park,"30.3083,78.0167",63745,1,0.75,https://encrypted-tbn0.gstatic.com/images?q=tbn:ANd9GcT2_Cwuj-jxeEV1z-QiKTG0d-XF-2QIKmNPXVjo-wPqjBdcgLf-5WH0&usqp=CAE&s,Wildlife Sanctuary,6,"Situated in Dehradun, Malsi Deer Park is a serene wildlife park known for its population of deer and other fauna. It offers a peaceful environment for nature walks, picnics, and photography.",,,,,
16,Dehradun,Buddha Temple,"30.3250,78.0389",54747,0,0.8,"https://static.toiimg.com/photo/msid-80249416,width-96,height-65.cms",Religious,6,"The Buddha Temple, also known as the Mahabodhi Society Temple, is located in Sarnath, near Varanasi. It is a sacred site for Buddhists as it marks the place where Buddha delivered his first sermon after attaining enlightenment.",,,,,
17,Dehradun,Forest Research Institute Museum,"30.3150,78.0417",2548,1,0.7,https://encrypted-tbn0.gstatic.com/images?q=tbn:ANd9GcRSVVg97g1pC99oCybd3uvA1-qsu-dbL6to_UE3DmrptA02Bu_ZbnzkS4Drmg&s,Museum,6,"Located in Dehradun, the Forest Research Institute Museum is a premier institution dedicated to forestry research and education. Its museum showcases various aspects of forestry, including exhibits on timber, wildlife, and forest ecosystems.",,,,,
18,Dehradun,Tibetan Monastery,"30.3100,78.0350",96785,0,0.78,https://encrypted-tbn0.gstatic.com/images?q=tbn:ANd9GcSXgDMtTkfk0-0hP8JWrSUZtQNlghcBOgKFMgGEa-O-zjREBjid,Religious,6,"Tibetan Monastery, also known as Mindrolling Monastery, is a serene Buddhist monastery in Dehradun. It serves as a center for Tibetan culture, spirituality, and learning, attracting visitors seeking tranquility and enlightenment.",,,,,
19,Dehradun,Paltan Bazaar,"30.3183,78.0300",76568,1,0.75,https://dehraduntourism.co.in/images/places-to-visit/header/paltan-bazar-dehradun-timings-entry-fee-dehradun-tourism-header-cr-rvibek.jpg,Market,6,"Paltan Bazaar is a bustling market in Dehradun known for its vibrant atmosphere and diverse range of shops selling clothing, accessories, handicrafts, and local delicacies. It's a popular shopping destination for locals and tourists alike.",,,,,
20,Dehradun,MDDA Park,"30.3225,78.0369",1457869,0,0.85,https://dehraduntourism.co.in/images/places-to-visit/header/mdda-park-dehradun-tourism-entry-fee-timings-holidays-reviews-header.jpg,Park,6,"MDDA Park, situated in Dehradun, is a well-maintained urban park offering lush greenery, jogging tracks, children's play areas, and recreational facilities. It provides a refreshing retreat for residents and visitors seeking outdoor leisure activities.",,,,,
21,Dehradun,Clock Tower,"30.3256,78.0433",28721,0,0.8,https://dehraduntourism.co.in/images/places-to-visit/header/ghanta-ghar-clock-tower-dehradun-tourism-entry-fee-timings-holidays-reviews-header.jpg,Landmark,6,"The Clock Tower, located in Dehradun, serves as a prominent landmark in the city center. Built during the British era, it stands tall as a symbol of Dehradun's rich heritage and architectural legacy.",,,,,
22,Dehradun,Fun Valley,"30.3640,77.9676",43566,1,0.75,https://encrypted-tbn0.gstatic.com/images?q=tbn:ANd9GcTYVBZJ5xzEzypee1ftTl6b23eQjgJLx26u0ZGN7YsvtbSYZRsmgO1o&usqp=CAE&s,Amusement Park,4,"A significant Hindu temple in Mathura, believed to be the birthplace ofLordKrishna.",,,,,
23,Dehradun,Rajpur Road,"30.3391,78.0617",97867.42,1,0.8,https://encrypted-tbn0.gstatic.com/images?q=tbn:ANd9GcRa1MKEzLGCoXwQkQjF_ciUX2RLZtkxKkIWl4cWas6FYSQFawQfVEdd&usqp=CAE&s,Shopping Street,6,"Fun Valley, situated near Dehradun, is a popular water and amusement park offering a wide range of thrilling rides, water slides, and recreational activities for visitors of all ages. It's a perfect destination for families and thrill-seekers alike.",,,,,
24,Dehradun,Lachhiwala,"30.435,78.0351",75221.69,0,0.85,https://dehraduntourism.co.in/images/places-to-visit/header/lacchiwalla-dehradun-tourism-entry-fee-timings-holidays-reviews-header.jpg,Natural,6,"Rajpur Road is one of the main thoroughfares in Dehradun, bustling with shops, restaurants, and commercial establishments. It's a vibrant street known for its lively atmosphere, making it a favored spot for locals and tourists to stroll and shop.",,,,,
25,Dehradun,Mindrolling Monastery,"30.3136,78.0394",52575.96,0,0.88,https://thedehradun.in/wp-content/uploads/2022/09/1586593247_shutterstock_402126058.jpg.jpg,Religious,6,"Lachhiwala is a serene picnic spot and natural water pool located near Dehradun. Surrounded by lush greenery and scenic vistas, it's a popular destination for families and nature enthusiasts seeking relaxation and outdoor activities.",,,,,
26,Delhi,Red Fort,"28.6565,77.2388",29930.24,1,0.9,"https://bsmedia.business-standard.com/_media/bs/img/article/2022-08/14/full/1660470936-7444.jpg?im=FeatureCrop,size=(826,465)",Historical,4,"Mindrolling Monastery is one of the largest Buddhist monasteries in India, situated in Dehradun. It's renowned for its stunning architecture, intricate murals, and serene ambiance, attracting visitors interested in Tibetan culture and spirituality.",,,,,
27,Delhi,Qutub Minar,"28.5940,77.1811",7284.509,1,0.85,https://miro.medium.com/v2/resize:fit:976/1*bQ9GVko6ItmpgtoALHHc3A.jpeg,Historical,4,"The Red Fort, located in Delhi, is a UNESCO World Heritage Site and an iconic symbol of India's rich Mughal heritage. Built by Emperor Shah Jahan, it's famous for its imposing red sandstone walls, magnificent palaces, and beautiful gardens.",,,,,
28,Delhi,India Gate,"28.6129,77.2282",8236,1,0.9,https://upload.wikimedia.org/wikipedia/commons/thumb/8/81/India_Gate%2C_New_Delhi_at_Night.jpg/1280px-India_Gate%2C_New_Delhi_at_Night.jpg,Landmark,6,"Qutub Minar, a UNESCO World Heritage Site in Delhi, is the tallest brick minaret in the world. Built in the 12th century by Qutb-ud-din Aibak, it's an architectural marvel adorned with intricate carvings and inscriptions.",,,,,
29,Delhi,Lotus Temple,"28.5536,77.2588",8907,0,0.8,https://cdn.britannica.com/67/156667-050-62285333/Lotus-Temple-New-Delhi-India.jpg,Religious,6,"India Gate is a war memorial and iconic landmark in Delhi, dedicated to the Indian soldiers who died in World War I. Surrounded by lush lawns and flanked by fountains, it's a popular spot for picnics and evening strolls.",,,,,
30,Delhi,Jama Masjid,"28.6326,77.2232",8976,1,0.88,https://upload.wikimedia.org/wikipedia/commons/a/a4/Jama_Masjid_-_In_the_Noon.jpg,Religious,6,"The Lotus Temple, located in Delhi, is a striking architectural marvel renowned for its lotus-shaped design and serene ambiance. It's a Bah' House of Worship open to people of all faiths for silent meditation and prayer.",,,,,
31,Delhi,Akshardham Temple,"28.6167,77.2778",8976,1,0.82,https://media.easemytrip.com/media/Blog/India/637116640324801740/637116640324801740ptZ4Mc.jpg,Religious,4,"Jama Masjid, one of the largest mosques in India, is situated in Old Delhi. Built by Emperor Shah Jahan, it's an architectural masterpiece featuring intricate marble domes, minarets, and a vast courtyard capable of accommodating thousands of worshippers.",,,,,
32,Delhi,National Zoological Park,"28.0973,77.2689",9898,1,0.75,https://www.financialexpress.com/wp-content/uploads/2022/02/delhi-national-zoo-park-ANI.jpg,Zoo,6,"The National Zoological Park, located in Delhi, is a sprawling wildlife sanctuary housing a diverse range of animal species from around the world. Visitors can explore various themed zones and enjoy educational programs and animal encounters.",,,,,
33,Delhi,Chandni Chowk Market,"28.669,77.2622",,1,0.8,https://www.fabhotels.com/blog/wp-content/uploads/2019/04/Chandni-Chowk-Shopping-In-Delhi_600.jpg,Market,6,"A significant Hindu temple in Mathura, believed to be the birthplace ofLordKrishna.",,,,,
34,Delhi,Hauz Khas Complex,"28.5528,77.1927",7474,1,0.78,https://srdc.delhi.gov.in/sites/default/files/hauz_khas_complex.jpg,Historical Site,6,"Chandni Chowk Market, situated in Old Delhi, is one of the oldest and busiest markets in India. It offers a vibrant shopping experience with its narrow lanes filled with shops selling spices, textiles, jewelry, and street food",,,,,
35,Delhi,Raj Ghat,"28.6144,77.439",8787,0,0.8,https://dynamic-media-cdn.tripadvisor.com/media/photo-o/0c/76/86/bc/fb-img-1470844421516.jpg?w=1200&h=1200&s=1,Memorial,6,"Hauz Khas Complex, located in South Delhi, is a historic area centered around a medieval reservoir. It houses a madrasa, mosque, tombs, and pavilions, surrounded by lush greenery, making it a popular destination for history enthusiasts and nature lovers.",,,,,
36,Delhi,Humayun's Tomb,"28.5933,77.2507",7887,1,0.9,https://upload.wikimedia.org/wikipedia/commons/d/d2/Tomb_of_Humayun%2C_Delhi.jpg,Historical,4,"Raj Ghat is a memorial dedicated to Mahatma Gandhi, situated on the banks of the Yamuna River in Delhi. It marks the spot where Gandhi was cremated following his assassination in 1948 and serves as a place of reflection and homage.",,,,,
37,Delhi,Gurudwara Bangla Sahib,"28.6264,77.2091",8898,0,0.88,https://cdn.getyourguide.com/img/location/57766e53c4535.jpeg/68.jpg,Religious,6,"A significant Hindu temple in Mathura, believed to be the birthplace ofLordKrishna.",,,,,
38,Delhi,Lodhi Garden,"28.5925,77.2250",7789,0,0.85,https://lh5.googleusercontent.com/p/AF1QipNuFIDm-RGflB51RIF3SF_mzxOQLvClnnGWp66I=w143-h143-n-k-no,Park,6,"Gurudwara Bangla Sahib is one of the most prominent Sikh gurdwaras in Delhi. Known for its serene atmosphere and community kitchen serving free meals (langar) to all visitors, it's a place of worship and humanitarian service.",,,,,
39,Delhi,Nehru Planetarium,"28.604,77.2334",7778,1,0.8,https://www.nehrucentremumbai.in/wp-content/uploads/2023/09/planetarium-with-planets-artwork-final.webp,Museum,6,"Lodhi Garden, located in Delhi, is a historic park featuring lush lawns, flowering plants, and ancient monuments from the Lodhi and Sayyid dynasties. It's a popular destination for joggers, picnickers, and history enthusiasts seeking tranquility amidst architectural splendor.",,,,,
40,Delhi,Gandhi Smriti,"28.6019,77.1942",9985,0,0.85,https://static.toiimg.com/photo/44856039/.jpg,Memorial,6,"Nehru Planetarium in Delhi is an educational and recreational center dedicated to astronomy and space science. It offers interactive exhibits, multimedia shows, and stargazing sessions, providing visitors with insights into the mysteries of the universe.",,,,,
41,Delhi,Dilli Haat,"28.5726,77.2047",7789,1,0.8,https://assets.zeezest.com/blogs/PROD_B_1675662246869_thumb_1000.jpeg,Market,6,"Gandhi Smriti, formerly known as Birla House, is a museum and memorial dedicated to Mahatma Gandhi in Delhi. It's where Gandhi spent the last 144 days of his life and was assassinated, showcasing his life, philosophy, and the principles of nonviolence.",,,,,
42,Delhi,Jantar Mantar,"28.6271,77.2166",9858,1,0.78,https://www.fabhotels.com/blog/wp-content/uploads/2019/05/Jantar-Mantar_1400.jpg,Historical,6,"Dilli Haat is a vibrant open-air market in Delhi showcasing the diverse arts, crafts, and cuisine of India's various states. It's a cultural hub where visitors can shop for traditional handicrafts, savor regional delicacies, and enjoy live music and performances.",,,,,
43,Goa,Calangute Beach,"15.5419,73.7557",5898,1,0.9,"https://static.toiimg.com/thumb/msid-58822661,width-550,height-433/58822661.jpg",Beach,4,"Known as the ""Queen of Beaches,"" Calangute Beach is one of the most popular and bustling beaches in North Goa. It offers a vibrant atmosphere, water sports activities, beach shacks serving delicious seafood, and lively beach parties",,,,,
44,Goa,Baga Beach,"15.5562,73.7518",5478,1,0.85,https://upload.wikimedia.org/wikipedia/commons/3/38/India_-_Goa_-_010_-_Touristy_Baga_Beach.jpg,Beach,4,"Adjacent to Calangute, Baga Beach is famous for its happening nightlife, water sports like parasailing and jet-skiing, and a range of beachfront restaurants and bars. The Baga Creek adds to its charm.",,,,,
45,Goa,Anjuna Beach,"15.5720,73.7492",4484,1,0.88,https://www.beachesnearme.in/wp-content/uploads/2020/12/Anjuna-beach-1200x900.jpg,Beach,4,"Anjuna Beach is renowned for its bohemian vibe, weekly flea market, and trance parties. It's a favorite among backpackers and hippies, offering stunning sunset views and a relaxed atmosphere.",,,,,
46,Goa,Vagator Beach,"15.6016,73.7437",4748,1,0.82,https://www.tourmyindia.com/states/goa/image/vagator-beach-banner.webp,Beach,4,"Vagator Beach is known for its laid-back ambiance, red cliffs, and picturesque surroundings. It's divided into two parts: Big Vagator and Little Vagator, each offering its own unique charm.",,,,,
47,Goa,Dudhsagar Falls,"15.3133,74.3147",4865,1,0.95,https://lh5.googleusercontent.com/p/AF1QipPI-KJH8jWecrgce0ItKscubeoCH7Lghtl5yPLG=w143-h143-n-k-no,Waterfall,4,"Dudhsagar Falls, located on the Mandovi River, is one of India's tallest waterfalls. Surrounded by lush greenery and accessible via trekking or jeep safari, it's a breathtaking sight, especially during the monsoon season.",,,,,
48,Goa,Basilica of Bom Jesus,"15.5016,73.9112",9868,0,0.9,"https://static.toiimg.com/photo/msid-92691434,width-96,height-65.cms",Religious,6,"A UNESCO World Heritage Site in Old Goa, the Basilica of Bom Jesus is a 16th-century church housing the mortal remains of St. Francis Xavier. It's renowned for its Baroque architecture and religious significance.",,,,,
49,Goa,Fort Aguada,"15.4974,73.764",7867,0,0.88,https://www.fabhotels.com/blog/wp-content/uploads/2019/06/Aguada-Fort_600.jpg,Historical,6,Fort Aguada is a 17th-century Portuguese fort overlooking the Arabian Sea. It served as a defense against Dutch and Maratha invasions and offers panoramic views of the sea and surrounding landscape.,,,,,
50,Goa,Chapora Fort,"15.6051,73.7378",6788,0,0.85,https://www.goavilla.co.uk/static/img/articles/chapora-fort.jpg,Historical,6,"Perched on a hill overlooking the Chapora River, Chapora Fort offers stunning views of the surrounding landscape and the Arabian Sea. It's a popular spot for sunset views and photography.",,,,,
51,Goa,Se Cathedral,"15.5000,73.9111",6787,0,0.9,https://media1.thrillophilia.com/filestore/tzani226lsqimhghm1u6thz195ic_1575702642_shutterstock_146030783.jpg?w=400&dpr=2,Religious,6,"Located in Old Goa, the Se Cathedral is one of the largest churches in Asia. It's renowned for its exquisite Portuguese-Manueline architecture and houses the Golden Bell, the largest bell in Goa.",,,,,
52,Goa,Mangeshi Temple,"15.4086,73.9814",6677,0,0.85,https://dynamic-media-cdn.tripadvisor.com/media/photo-o/15/49/d0/cd/img-20181107-235325-largejpg.jpg?w=1200&h=-1&s=1,Religious,6,"A floating casino on the Mandovi River, Casino Royale offers a wide range of gaming options including poker, roulette, and slot machines. It also features live entertainment, fine dining, and a luxurious ambiance.",,,,,
53,Goa,Casino Royale Goa,"15.4730,73.8085",9878,1,0.8,https://static.toiimg.com/photo/51187237.cms,Entertainment,6,"Another popular floating casino, Deltin Royale offers a lavish gaming experience with various gaming tables, entertainment shows, and gourmet dining options onboard.",,,,,
54,Goa,Deltin Royale,"15.693,73.8208",7887,1,0.78,"https://img.etimg.com/thumb/width-1200,height-900,imgsize-150608,resizemode-75,msid-47658647/magazines/panache/deltin-royale-casino-lessons-from-indias-largest-offshore-gaming-and-entertainment-centre.jpg",Entertainment,6,"Located in Vasco da Gama, the Naval Aviation Museum showcases the history and evolution of Indian naval aviation through exhibits, aircraft displays, and interactive galleries.",,,,,
55,Goa,Naval Aviation Museum,"15.3873,73.8391",8878,1,0.75,https://navalaviationmuseum.org/wp-content/uploads/2021/02/Front-Entrance-2020_3-scaled.jpg,Museum,6,"A popular viewpoint overlooking the Arabian Sea, Dona Paula is named after a tragic love story. It offers panoramic views, seaside restaurants, and water sports activities.",,,,,
56,Goa,Dona Paula,"15.4644,73.8018",8169,0,0.8,https://upload.wikimedia.org/wikipedia/commons/d/db/Fishing_Boats_anchored_at_Dona_Paula_%2C_Goa.jpg,Viewpoint,6,"A popular viewpoint overlooking the Arabian Sea, Dona Paula is named after a tragic love story. It offers panoramic views, seaside restaurants, and water sports activities.",,,,,
57,Goa,Candolim Beach,"15.5180,73.764",8292,1,0.85,https://www.thehosteller.com/_next/image?url=https%3A%2F%2Fstatic.thehosteller.com%2Fhostel%2Fimages%2FFeatured%20Image.jpg%2FFeatured%20Image-1688108703507.jpg&w=2048&q=75,Beach,4,"Candolim Beach is known for its serene ambiance, water sports, and beachside shacks serving delicious seafood. It's a quieter alternative to neighboring Calangute and Baga beaches.",,,,,
58,Goa,Palolem Beach,"15.0105,74.0230",8415,1,0.9,https://dynamic-media-cdn.tripadvisor.com/media/photo-o/18/3e/36/9c/palolem-sea-beach.jpg?w=1200&h=-1&s=1,Beach,4,"Located in South Goa, Palolem Beach is famous for its picturesque crescent-shaped bay, golden sands, and tranquil atmosphere. It's ideal for swimming, sunbathing, and dolphin watching trips.",,,,,
59,Goa,Miramar Beach,"15.4799,73.7719",8538,1,0.85,https://goa-tourism.org.in/images/places-to-visit/headers/miramar-beach-goa-entry-fee-timings-holidays-reviews-header.jpg,Beach,4,"Located in South Goa, Palolem Beach is famous for its picturesque crescent-shaped bay, golden sands, and tranquil atmosphere. It's ideal for swimming, sunbathing, and dolphin watching trips.",,,,,
60,Goa,Arambol Beach,"15.6815,73.7212",8661,1,0.88,https://media1.thrillophilia.com/filestore/8asovra9hft5e4vfhl54o9hg0gha_arambol_beach.jpg,Beach,4,"A popular urban beach near Panaji, Miramar Beach is known for its golden sands, scenic beauty, and waterfront promenade. It's a great spot for evening walks and enjoying beautiful sunsets.",,,,,
61,Goa,Tito's Club,"15.568,73.7625",8784,1,0.85,https://im.whatshot.in/img/2020/Jan/club-titos-baga-beach-goa-1578599230.jpg,Nightlife,2,"Arambol Beach is known for its bohemian vibe, laid-back atmosphere, and alternative lifestyle. It's popular among backpackers, yoga enthusiasts, and those seeking a peaceful retreat.",,,,,
62,Goa,Club Cubana,"15.5744,73.7570",8908,1,0.82,https://dynamic-media-cdn.tripadvisor.com/media/photo-o/06/16/d6/c2/pool.jpg?w=1200&h=-1&s=1,Nightlife,2,"Club Cubana is a popular nightclub situated atop the Arpora Hill in North Goa. It is known for its open-air dance floors, poolside bars, and lively parties.",,,,,
63,Goa,Morjim Beach,"15.646,73.7349",9031,1,0.88,https://dynamic-media-cdn.tripadvisor.com/media/photo-o/17/27/06/b7/view.jpg?w=1200&h=1200&s=1,Beach,2,"Morjim Beach is a tranquil beach located in North Goa. It is known for its soft sands, clear waters, and being a nesting site for Olive Ridley sea turtles.",,,,,
64,Goa,Sinquerim Beach,"15.4984,73.7623",9154,1,0.85,https://goa-tourism.org.in/images/places-to-visit/headers/sinquerim-beach-goa-timings-entry-fee-goa-tourism-header-cr-hrishikesh-sharma.jpg,Beach,4,"Sinquerim Beach is a pristine beach located near Fort Aguada in North Goa. It is known for its tranquil environment, water sports activities, and stunning views.",,,,,
65,Goa,Butterfly Beach,"15.0073,73.8947",9277,1,0.9,https://media1.thrillophilia.com/filestore/otdz3miwf2e0pomskqxbfo4app6u_header-asia-beach19-1.jpg?w=400&dpr=2,Beach,4,"Butterfly Beach is a secluded and picturesque beach located in South Goa. It is accessible via boat and is known for its pristine shoreline, rich marine life, and vibrant butterfly population.",,,,,
66,Goa,Salim Ali Bird Sanctuary,"15.4151,73.8608",9400,0,0.78,https://tripraja.com/uploads/0000/19/2021/10/02/dr-salim-ali-bird-sanctuary-goa.jpg,Wildlife,6,Salim Ali Bird Sanctuary is a wildlife sanctuary located on the western tip of Chorao Island in Goa. It is named after the renowned ornithologist Salim Ali and is home to various bird species.,,,,,
67,Goa,Bondla Wildlife Sanctuary,"15.3853,74.0560",9523,1,0.75,https://upload.wikimedia.org/wikipedia/commons/a/a5/Bondla_Wildlife_Sanctuary%2C_Goa.jpg,Wildlife,6,"Bondla Wildlife Sanctuary is a popular wildlife reserve located in North Goa. It is known for its diverse flora and fauna, nature trails, and opportunities for wildlife spotting.",,,,,
68,Goa,Sahakari Spice Farm,"15.2961,74.1279",9646,1,0.8,https://dynamic-media-cdn.tripadvisor.com/media/photo-o/10/a0/57/31/sahakari-spice-farm.jpg?w=1200&h=1200&s=1,Farm,6,"Sahakari Spice Farm is a spice plantation located in Ponda, Goa. Visitors can explore the plantation, learn about various spices, enjoy traditional Goan cuisine, and experience cultural performances.",,,,,
69,Goa,Ancestral Goa,"15.3140,73.9375",9770,1,0.78,https://goa-tourism.org.in/images/places-to-visit/headers/ancestral-goa-museum-entry-fee-timings-holidays-reviews-header.jpg,Cultural,6,"Ancestral Goa, also known as the Big Foot Museum, is a cultural and heritage village located in Loutolim, Goa. It showcases Goan history, culture, and traditions through exhibits, demonstrations, and recreated village scenes.",,,,,
70,Goa,Naval Aviation Museum,"15.3873,73.8391",9893,1,0.75,https://www.holidify.com/images/cmsuploads/compressed/attr_123841_20200826155442.jpg,Museum,6,"Naval Aviation Museum is located in Vasco da Gama, Goa. It showcases the history and evolution of naval aviation in India through displays of aircraft, helicopters, engines, and other artifacts.",,,,,
71,Goa,Deltin Jaqk,"15.4992,73.8038",10016,1,0.78,https://dynamic-media-cdn.tripadvisor.com/media/photo-o/07/41/df/92/deltin-jaqk.jpg?w=1200&h=-1&s=1,Entertainment,6,"Deltin Jaqk is a luxury floating casino located in Panaji, Goa. It offers a range of gaming options including blackjack, poker, roulette, and slot machines, along with entertainment and dining experiences.",,,,,
72,Goa,Cabo de Rama Fort,"15.1390,73.9163",10139,0,0.85,https://dynamic-media-cdn.tripadvisor.com/media/photo-o/03/70/87/3a/cabo-de-rama-fort.jpg?w=1200&h=-1&s=1,Historical,6,"Cabo de Rama Fort is a historic fort located in Canacona, South Goa. It offers panoramic views of the Arabian Sea and surrounding landscapes, along with a glimpse into Goa's colonial past.",,,,,
73,Goa,Pandava Caves and Arvalem Waterfall,"15.6177,73.8204",10262,1,0.85,https://tripraja.com/uploads/0000/19/2021/10/23/arvalem-pandva-caves.jpg,Historical,6,"Pandava Caves, also known as Arvalem Caves, are ancient rock-cut caves located near the Arvalem Waterfall in North Goa. The caves are believed to have been used by the Pandava brothers during their exile.",,,,,
74,Goa,Bhagwan Mahavir Wildlife Sanctuary,"15.4157,74.0946",10385,1,0.8,https://static.toiimg.com/thumb/52339266/Bhagvan-mahavir-sanctuary.jpg?width=1200&height=900,Wildlife,6,"Bhagwan Mahavir Wildlife Sanctuary is located in the Western Ghats of South Goa. It is known for its rich biodiversity, including various species of flora and fauna such as deer, leopards, monkeys, and birds. The sanctuary offers opportunities for trekking, bird watching, and nature walks.",,,,,
75,Goa,Chorla Ghat,"15.5649,74.0221",10509,0,0.82,https://imgmedia.lbb.in/media/2020/02/5e395b420043c958a944c00c_1580817218130.jpg,Nature,6,"Chorla Ghat is a picturesque mountain pass located at the intersection of Goa, Karnataka, and Maharashtra. It is renowned for its lush greenery, scenic vistas, and diverse wildlife. Visitors can enjoy activities like trekking, bird watching, and photography amidst the serene natural surroundings.",,,,,
76,Goa,Ashwem Beach,"15.6821,73.7352",10632,1,0.85,https://dynamic-media-cdn.tripadvisor.com/media/photo-o/15/df/4b/12/caption.jpg?w=1200&h=-1&s=1,Beach,4,"Ashwem Beach is a tranquil and less crowded beach located in North Goa. It is known for its pristine shoreline, soft sands, and relaxed atmosphere. The beach is ideal for sunbathing, swimming, and enjoying water sports.",,,,,
77,Banglore,Bangalore Palace,"12.9985,77.5921",10755,1,0.83,https://images.contentstack.io/v3/assets/blt1306150c2c4003bc/blt467313dd0903bc3f/62e0b9ad022e5e700e65a51f/00-7-facts-about-bangalore-palace-that-might-surprise-you-getty-cropped.jpg,Palace,3,"Bangalore Palace is a magnificent royal residence located in Bangalore, Karnataka. It is known for its stunning architecture, reminiscent of Tudor and Scottish styles, and is adorned with exquisite wood carvings, paintings, and antique furniture. Visitors can explore the palace's opulent interiors, lush gardens, and attend cultural events and exhibitions.",,,,,
78,Banglore,Lalbagh Botanical Garden,"12.9507,77.5848",10878,1,0.82,https://dynamic-media-cdn.tripadvisor.com/media/photo-o/0c/7d/47/f4/lalbagh-botanical-garden.jpg?w=1200&h=1200&s=1,Botanical Garden,3,"Lalbagh Botanical Garden is a sprawling botanical garden located in Bangalore, Karnataka. It is renowned for its diverse collection of plant species, including rare and exotic varieties. The garden features beautifully landscaped lawns, flowerbeds, glasshouses, and a serene lake, making it a popular spot for nature lovers and photography enthusiasts.",,,Hill Station,,
79,Banglore,Cubbon Park,"12.9767,77.5957",11001,1,81,https://thewire.in/wp-content/uploads/2016/12/bandstand.jpg,Urban Park,4,"Cubbon Park is a vast urban park located in the heart of Bangalore, Karnataka. It is known for its verdant greenery, walking trails, and tranquil ambiance amidst the bustling city. The park houses several attractions such as statues, fountains, and the State Central Library, making it a favorite destination for recreation and relaxation.",,,,,
80,Banglore,ISKCON Temple Bangalore,"13.0095,77.5511",11124,0,0.84,https://www.trawell.in/admin/images/upload/148027305ISKCONTemple_Main.jpg,Temple,3,"ISKCON Temple Bangalore, also known as Sri Radha Krishna Temple, is a spiritual complex dedicated to Lord Krishna and Radha.",,,,,
81,Banglore,Tipu Sultan's Summer Palace,"12.9592,77.573",11248,1,0.84,https://planetofhotels.com/guide/sites/default/files/styles/paragraph__hero_banner__hb_image__1880bp/public/hero_banner/Sultan_Tipu_Palace.jpg,Historical Site,3,"Tipu Sultan's Summer Palace is a historic monument located in Bangalore, Karnataka. It was the summer residence of Tipu Sultan, the ruler of the Kingdom of Mysore.",,,,,
82,Banglore,Wonderla Bangalore,"12.8341,77.4008",11371,0,0.83,https://dynamic-media-cdn.tripadvisor.com/media/photo-o/0f/b4/a3/72/flash-tower-is-a-shoot.jpg?w=1200&h=1200&s=1,Amusement Park,3,"Wonderla Bangalore is a popular amusement park located on the outskirts of Bangalore, Karnataka. It offers a wide range of thrilling rides, water slides, and attractions suitable for all age groups.",,,,,
83,Banglore,Bannerghatta National Park,"12.8005,77.5777",11494,0,0.84,https://letmebreathe.in/wp-content/uploads/2020/03/652213-1.jpg,Wildlife Reserve,3,"Bannerghatta National Park is a prominent wildlife reserve located near Bangalore, Karnataka. It is known for its diverse ecosystems, including dense forests, grasslands, and a rich variety of wildlife such as tigers, lions, elephants, and butterflies.",,,,,
84,Banglore,Vidhana Soudha,"12.9794,77.5901",11617,1,0.84,https://media.tacdn.com/media/attractions-splice-spp-674x446/0b/27/ac/eb.jpg,Government Building,4,"Vidhana Soudha is the seat of the state legislature of Karnataka, located in Bangalore. It is a magnificent example of Dravidian architecture and houses the Legislative Assembly and the Legislative Council.",,,,,
85,Banglore,St. Mary's Basilica,"12.9933,77.5971",11740,0,0.84,https://yometro.com/images/places/st-mary-basilica.jpg,Church,4,"St. Mary's Basilica is a historic church located in Bangalore, known for its Neo-Gothic architecture and vibrant stained glass windows, attracting both pilgrims and architecture enthusiasts.",,,,,
86,Banglore,UB City,"12.9716,77.5956",11863,1,0.84,https://upload.wikimedia.org/wikipedia/commons/5/5e/UBtowers.jpg,Shopping & Dining,5,"UB City is a luxury commercial complex in Bangalore, housing high-end retail outlets, fine dining restaurants, and office spaces, making it a premier destination for shopping, dining, and entertainment.",,,,,
87,Banglore,Commercial Street,"12.9832,77.6134",11986,0,0.74,https://upload.wikimedia.org/wikipedia/commons/thumb/5/5b/Commercial_Street%2C_Bangalore_%287870987476%29.jpg/1200px-Commercial_Street%2C_Bangalore_%287870987476%29.jpg,Shopping Street,4,"Commercial Street is a bustling shopping district in Bangalore, renowned for its diverse range of shops selling clothing, accessories, electronics, and more, offering a vibrant shopping experience for visitors.",,,,,
88,Banglore,Bangalore Fort,"12.9626,77.5763",12110,0,0.84,https://imgstaticcontent.lbb.in/lbbnew/wp-content/uploads/sites/2/2018/01/14140727/BangaloreFort1.jpg,Fort,5,"Bangalore Fort is a historic landmark in the heart of the city, showcasing remnants of the city's colonial past and serving as a testament to its rich history and heritage.",,,,,
89,Banglore,Visvesvaraya Industrial and Technological Museum,"12.9758,77.5928",12233,0,0.84,https://www.vismuseum.gov.in/wp-content/uploads/2020/08/vitm.jpg,Science Museum,4,"Visvesvaraya Industrial and Technological Museum in Bangalore is dedicated to the achievements of Sir M. Visvesvaraya, showcasing scientific and technological innovations through interactive exhibits and displays.",,,,,
90,Banglore,Wonderla Amusement Park,"12.8341,77.4008",12356,1,0.84,https://www.fabhotels.com/blog/wp-content/uploads/2021/05/Wonderla_Hyderabad_600x400.jpg,Amusement Park,3,"Wonderla Amusement Park in Bangalore offers thrilling rides, water attractions, and entertainment shows, providing an exhilarating experience for visitors of all ages.",,,,,
91,Banglore,Nandi Hills,"13.3705,77.6845",12479,0,0.84,https://media1.thrillophilia.com/filestore/141ffci8aclqtweekh4k6901m17z_shutterstock_682915852.jpg,Hill Station,2,"Nandi Hills is a scenic hill station near Bangalore, offering breathtaking views of the surrounding landscape, serene ambiance, and opportunities for trekking and outdoor activities.",,,,,
92,Mumbai,Gateway of India,"18.9217,72.8347",12602,0,0.84,https://cdn.britannica.com/79/188879-050-25E7733E/Gateway-of-India-Mumai-monument-2012.jpg,Monument,2,"The Gateway of India is an iconic monument in Mumbai, overlooking the Arabian Sea, and serving as a symbol of the city's grandeur and historical significance.",,,,,
93,Mumbai,Marine Drive,"18.9431,72.8232",12725,1,0.94,https://www.tripsavvy.com/thmb/soWUDapWGtmRQbvvY5OFMdd8Ezs=/1500x0/filters:no_upscale():max_bytes(150000):strip_icc()/GettyImages-1008831236-5c65d6bf4cedfd00014aa310.jpg,Promenade,3,"Marine Drive is a picturesque promenade in Mumbai, offering stunning views of the Arabian Sea and serving as a popular spot for leisurely walks and enjoying sunsets.",,,,,
94,Mumbai,Elephanta Caves,"18.9637,72.9317",12849,1,0.84,https://www.fabhotels.com/blog/wp-content/uploads/2018/08/600x400-35.jpg,Historical Site,4,"Elephanta Caves are ancient rock-cut caves located on Elephanta Island in Mumbai, known for their intricate sculptures and UNESCO World Heritage status, attracting history buffs and art enthusiasts alike.",,,,,
95,Mumbai,Colaba Causeway,"18.9164,72.8306",12972,0,0.84,https://dynamic-media-cdn.tripadvisor.com/media/photo-o/07/3c/9a/33/colaba-causeway.jpg?w=1200&h=-1&s=1,Market,5,"Colaba Causeway is a vibrant street market in Mumbai, offering a plethora of shopping options including clothing, accessories, handicrafts, and souvenirs, making it a must-visit for shoppers.",,,,,
96,Mumbai,Chhatrapati Shivaji Maharaj Vastu Sangrahalaya,"18.926,72.8327",13095,0,0.84,https://upload.wikimedia.org/wikipedia/commons/7/79/Chhatrapati_Shivaji_Maharaj_Vastu_Sangrahalaya.jpg,Museum,2,"Formerly known as the Prince of Wales Museum, this museum in Mumbai showcases an extensive collection of art, artifacts, and historical exhibits, offering insights into India's cultural heritage.",,,,,
97,Mumbai,Juhu Beach,"19.1006,72.8275",13218,1,0.67,https://a.travel-assets.com/findyours-php/viewfinder/images/res70/111000/111503-Juhu-Beach.jpg,Beach,3,"Juhu Beach is a popular seaside destination in Mumbai, known for its lively atmosphere, street food stalls, and panoramic views of the Arabian Sea, attracting both locals and tourists.",,,,,
98,Mumbai,Siddhivinayak Temple,"19.0266,72.8621",13341,1,0.84,https://images.hindustantimes.com/rf/image_size_960x540/HT/p2/2020/01/21/Pictures/plating-devotee-around-delhi-weighing-donated-gold_2f6fc288-3c2a-11ea-bfbd-f812f33ac46f.jpg,Temple,4,"Siddhivinayak Temple is a revered Hindu temple dedicated to Lord Ganesha, located in Mumbai, known for its architectural splendor and spiritual significance, drawing devotees from far and wide.",,,,,
99,Mumbai,Haji Ali Dargah,"18.9829,72.8106",13464,0,0.74,https://static.toiimg.com/photo/64061841.cms,Religious Site,4,"Haji Ali Dargah is a revered Islamic shrine located on a tiny islet off the coast of Worli in Mumbai, known for its exquisite Indo-Islamic architecture and spiritual ambiance, attracting devotees of all faiths.",,,,,
100,Mumbai,Sanjay Gandhi National Park,"19.2183,72.8648",13588,1,0.84,https://vajiram-prod.s3.ap-south-1.amazonaws.com/Sanjay_Gandhi_National_Park_6025c3f5dd.jpg,Nature Reserve,2,"Sanjay Gandhi National Park is a sprawling nature reserve in Mumbai, known for its lush forests, diverse wildlife, and ancient Kanheri Caves, offering opportunities for wildlife spotting, trekking, and exploring ancient Buddhist rock-cut monuments.",,,,,
101,Mumbai,Chhatrapati Shivaji Terminus (CST),"18.9402,72.8351",13711,0,0.87,https://cdn.britannica.com/39/100339-050-0FE7BB19/Chhatrapati-Shivaji-Terminus-Mumbai-India-UNESCO-World-2004.jpg,Transportation Hub,5,"Chhatrapati Shivaji Terminus, formerly known as Victoria Terminus, is a historic railway station in Mumbai, recognized as a UNESCO World Heritage Site, renowned for its Victorian Gothic architecture and serving as a bustling transportation hub connecting Mumbai to various parts of India.",,,,,
102,Mumbai,Bollywood Studio Tours,"19.0953,72.8677",13834,0,0.84,"https://res.klook.com/images/fl_lossy.progressive,q_65/c_fill,w_1200,h_630/w_80,x_15,y_15,g_south_west,l_Klook_water_br_trans_yhcmh3/activities/fsohuuxbzlrn8n96xrvg/Mumbai%20Bollywood%20Studio%20Tour.jpg",Entertainment,4,"Bollywood Studio Tours offer visitors a behind-the-scenes glimpse into the world of Indian cinema, allowing them to witness film shoots, explore iconic film studios, and learn about the fascinating process of movie-making in Mumbai, the heart of Bollywood.",,,,,
103,Mumbai,Bandra-Worli Sea Link,"19.0308,72.8174",13957,1,0.81,https://dynamic-media-cdn.tripadvisor.com/media/photo-o/0b/12/d3/17/bandra-worli-sea-link.jpg?w=1200&h=1200&s=1,Bridge,4,"Bandra-Worli Sea Link is an architectural marvel and a vital transportation link spanning the Arabian Sea, connecting Bandra to Worli in Mumbai, known for its stunning cable-stayed design and providing panoramic views of the Mumbai skyline.",,,,,
104,Mumbai,Powai Lake,"19.1234,72.9049",14080,1,0.78,https://a.travel-assets.com/findyours-php/viewfinder/images/res70/472000/472854-Mumbai.jpg,Lake,5,"Powai Lake is a serene artificial lake nestled amidst the bustling city of Mumbai, offering a peaceful retreat with lush surroundings, boating facilities, and jogging tracks, making it a popular destination for relaxation and outdoor recreation.",,,,,
105,Mumbai,Mount Mary Church,"19.0451,72.8168",14203,0,0.75,https://i0.wp.com/imagewrighter.com/wp-content/uploads/2020/09/Mount-Mary-PIN-2.png?ssl=1,Church,2,"Mount Mary Church, also known as the Basilica of Our Lady of the Mount, is a historic Roman Catholic church in Mumbai, revered for its Gothic-style architecture and religious significance, attracting pilgrims and tourists alike.",,,,,
107,Mumbai,Nehru Science Centre,"18.9904,72.8152",14326,1,0.84,https://nehrusciencecentre.gov.in/wp-content/uploads/2022/09/Science-Odyssey.jpg,Science Museum,2,"Nehru Science Centre is an interactive science museum in Mumbai, dedicated to popularizing science and technology through engaging exhibits, demonstrations, and workshops, providing educational and entertaining experiences for visitors of all ages.",,,,,
108,Mathura,Kans Qila,"27.5075,77.6842",14450,0,0.98,https://images.herzindagi.info/image/2021/Mar/kans-qila-mathura-history-travel.jpg,Temple,4,"Kans Qila, located in Mathura, is believed to be the prison where Lord Krishna's maternal uncle, Kans, held him captive. It is a significant pilgrimage site for devotees of Lord Krishna, offering a glimpse into the mythology and history of the region.",,,,,
109,Mathura,Radha Kund,"27.5247,77.6106",14573,0,0.84,https://dynamic-media-cdn.tripadvisor.com/media/photo-o/05/2d/8a/e1/radha-kund.jpg?w=1200&h=1200&s=1,Temple,5,"Radha Kund is a sacred lake located near Mathura, believed to be the bathing place of Radha, Lord Krishna's consort. It is considered highly auspicious for devotees of Lord Krishna and is surrounded by temples and ghats frequented by pilgrims seeking spiritual purification.",,,,,
